id, processId, u_state, u_id, nickname, email, name, birthday, phone, nationality, u_type, u_creationdate
44fa06d3-65f5-543f-b596-3f67f3408afa,Fsgoc,N,NMKGx,Padilla,gipbizu@wo.pg,Eugenia Moran,10/2/1975,(647) 486-6393,Tavromav,guide,16/12/2010
437c7320-faa4-5daa-80e1-0fe4ae197387,SOHxK,Y,pacdn,Huff,jaavip@ov.mc,Ada Clarke,11/4/1980,(914) 516-6268,Unezoge,guide,28/11/1919
4e8cf35f-8c6a-57b9-b716-930d3e65328d,yjmGD,Y,xYkMt,Wright,bipaclo@tukewim.ls,Edward Burke,8/15/1958,(254) 432-1572,Nelopo,admin,08/05/2018
a10c159c-614a-518f-9302-3ad75aa108a2,KsmnE,N,zpdSZ,Nunez,lim@iti.cy,Luella Payne,3/9/1963,(644) 430-2694,Dakrollu,contributor,19/11/1940
c6d3a0c2-61c1-5606-9a10-8bb3c0a9c575,emcSc,Y,qFjxI,Kennedy,bin@jisjunit.mt,Lura Harper,5/6/1996,(807) 787-2941,Wuwueb,editor,28/11/1909
b1c222d1-1a7d-59b4-81ec-91a73fdc1594,jkIYh,N,uoxHG,Meyer,imasanaro@zotza.bb,Harvey Adkins,8/3/1959,(900) 904-8515,Julnaat,editor,11/10/2052
e36ab280-5059-5ae3-a537-90d49b3bdbe0,IZHrE,N,lTcAi,Dean,fawpukiwi@oztuape.sg,Carl Miller,6/23/1976,(280) 234-7295,Awucela,guide,16/05/1984
d74c3a41-ada7-5b17-90e3-686acd0ae273,bnvOP,N,nmoxL,Carr,bo@guesivos.gi,Bettie Townsend,4/29/1954,(770) 469-5036,Fawtaes,anonym,26/02/2020
b3b54c8b-4ff8-5e0c-8118-171294b83966,FeNqr,N,SypmH,Young,azocovap@pa.rs,Earl Perry,7/3/2000,(814) 631-3044,Efofawo,contributor,23/04/2019
df0741f8-acb1-5f78-8b32-68a8803634d9,vSijr,Y,BnwFN,Barnes,huekokip@li.gw,Blanche Poole,9/22/1993,(520) 624-2661,Zikzuhkok,guide,07/10/1922
8dac693c-5897-580e-8736-2a0ff633398c,YPnsD,Y,wwPOe,Kim,fe@cuik.hn,Willie Alvarado,6/18/1956,(843) 533-9221,Azzuwpe,anonym,16/12/2057
873b4e88-9631-5b2d-8a9c-62afdc7adc40,EGUsM,Y,mEDDl,Dixon,uhzuf@bomi.cd,Jayden Park,3/1/1956,(568) 923-8676,Lecodiha,contributor,11/02/2026
684dc4d1-0995-56ab-a435-3b40b7b628af,JnAzh,Y,PblYU,Jordan,jekgug@pegbu.bo,Willie Johnston,5/12/1976,(265) 249-5254,Vorpupvi,contributor,17/05/1927
5dec3d0b-c37c-5d1c-aee4-8bbb5c6040ac,lbqbe,Y,YHOYA,Rios,jaosheh@pevake.pr,Ricky Abbott,3/1/1992,(478) 675-7064,Mazeuj,editor,22/06/2020
9496f152-80ce-59bf-9071-2db439dbdee4,UVvdo,N,LmWDt,Austin,adgeb@mueb.pa,Ora Oliver,2/3/1980,(470) 460-9316,Siibgi,anonym,29/07/2011
61ab9383-5307-57a9-8ea3-e0e654115e2b,gSeUf,Y,rCujG,Owens,eba@viwgesov.lr,Willie Watts,4/9/1960,(946) 713-8101,Lacructof,contributor,05/10/2020
fdaff18d-23c7-5464-a02e-264315119de7,HXKDW,N,EOsJq,Bryant,jaf@owwejru.eu,Henrietta Ingram,3/24/1998,(572) 977-3650,Jawopmev,guide,23/09/2069
6bf43f6e-bd5b-5ce5-abc5-45484cadd453,VvjrR,N,bIakH,Kelley,uremuga@nedawer.do,Trevor Burns,3/28/1972,(239) 398-4928,Tuzfupiz,editor,08/04/2046
3a2a821e-c1ed-5e75-953b-e7ad37604873,NUJXc,Y,tHQfV,Nichols,nosutmuw@azagojum.pw,Susie Wilson,4/26/1958,(778) 505-5323,Nawuwnaf,guide,28/12/1958
7fa40c37-5871-5d9c-aa3b-a0a4ed7a767e,IHHRc,Y,aaXOE,Watson,seocziw@hoh.lt,Danny Byrd,12/15/1978,(251) 809-7818,Bocabmuh,anonym,18/03/1901
eed180f7-7f6f-5e50-a35a-fded22b234ea,icjpH,N,HGcHw,Martinez,se@efge.at,Flora Palmer,8/28/2000,(270) 417-4611,Roupej,anonym,28/10/1911
495f19fa-8ac7-525c-8fb3-2aea3e0268e9,wfKvW,Y,ZvBnF,Rodriguez,taz@digumram.ie,Jorge Massey,8/10/1989,(261) 854-4467,Nahdaet,guide,09/10/1951
e0daa8ae-af30-50dc-8ae9-2d88e512171b,NTbsA,N,aWHFz,Marsh,te@mugevtab.sx,Elva Hines,12/27/1989,(783) 931-2228,Muedobu,contributor,28/02/1931
5e7f5dd9-f96e-56c5-ad59-f9cfd9c5e231,DHutz,Y,sHJre,McDaniel,pe@taoguwu.rs,Kyle West,12/8/1980,(656) 603-8748,Zefmewbo,editor,24/01/1946
a34fd270-1565-540c-932e-9101993396a5,yiGPv,N,zNqpR,King,sakor@decbuki.th,Mayme Guzman,2/1/1984,(736) 876-2430,Kezejku,guide,09/01/1913
dfd1fe6a-3956-5900-bb6b-2c8d2df6bddd,TpIxA,N,EUHGq,Pittman,sijhaba@gutfalu.su,Adam Adkins,8/12/1975,(378) 645-8074,Pofilus,admin,09/03/2033
79900153-c601-544d-94a4-bb69bc03be84,bwydx,Y,EuqMB,Holland,fut@fez.gb,Ray Bowen,11/28/1954,(388) 249-3617,Deutahob,guide,14/10/1942
e45141f0-309a-51a5-bde2-e8df0812ea16,tVaNs,N,pwunA,Aguilar,kekasu@emo.cz,Christine Hernandez,8/17/1973,(303) 325-6291,Nawegruj,guide,08/03/1938
2329b761-0ddf-5338-a7f8-92bbde909547,zJpmf,N,FZqLi,Jones,aha@ta.lu,Leo Hudson,2/3/1962,(834) 589-7087,Tulogego,admin,30/12/2024
7d9b7981-4fac-580d-ae35-05d6e2cb2768,UvWxi,N,NIdFW,Padilla,getasu@afuvec.ss,Polly Day,7/2/1997,(232) 273-9899,Iwkuesi,anonym,26/08/1909
d316517e-7171-5c51-a555-a19d6168f0ab,zCiNv,N,pdzIb,Massey,wo@bi.ro,Genevieve Love,8/8/1965,(553) 968-6264,Sisuiti,contributor,09/07/2067
e39bfbac-65a9-505f-bc0c-097e21ae887a,jXtmi,Y,BGnqF,Jimenez,ujagak@wi.th,Delia Ramsey,11/27/1978,(252) 368-1502,Benkaap,contributor,31/03/1936
a201fef6-7006-5100-bd4b-39bf70ef2ed8,gxYeL,N,wjWeh,Daniel,ebi@ip.om,Ralph Conner,7/28/1984,(748) 316-1796,Fisiska,admin,23/06/1934
e145f0f7-4140-513f-a422-f7c5fc449a45,vtLlZ,N,SevoI,Murphy,pug@topidit.ly,Lula Alvarado,9/17/1995,(924) 711-9222,Jasziru,contributor,21/10/1992
76bba38f-0b54-5254-9d47-571c7b31a280,snJdo,N,teDCN,Romero,fiddalbuc@tudebniv.ua,Paul Owen,2/14/1954,(851) 944-2857,Gupuur,contributor,27/07/1915
ba2e3da2-6c53-5963-812d-cd1b253e19a2,sjUVc,Y,rLQPG,Terry,wecoznug@buvfaap.cf,Loretta Coleman,9/28/2001,(419) 664-2772,Dunzijum,admin,08/02/1955
2b144258-2a73-5607-ad01-57d8dea3b78e,odUkD,Y,CfJeu,Jacobs,rinum@tebo.gb,Lucille Graves,1/13/1968,(284) 373-8937,Finbeom,editor,23/08/2004
2d41323e-c589-5118-af28-74c7c76e72aa,kIdKv,N,aMcMB,Snyder,migil@disig.tj,Jean Chandler,5/23/1972,(661) 820-2276,Fissicofa,contributor,25/01/1961
bf658ad8-4298-550f-b990-b67d4ea8ccc7,WcIop,N,cJyKD,Lloyd,or@nufoc.sb,Terry Richards,8/5/1963,(409) 365-3434,Deloblo,contributor,15/01/1967
578df188-9aeb-563f-9a52-20b7f45cef5a,Xpuwj,Y,gEoPf,Kennedy,gofujoik@jekjan.ni,Mae Schultz,4/5/1959,(302) 921-6735,Tazfarmit,guide,15/08/1986
c2b6e3b8-0780-51d9-bf4b-43c3daf07635,NEWKZ,N,UljTV,Carroll,bi@ba.gb,Sarah Schultz,12/31/1997,(840) 667-2306,Dandijjic,contributor,24/06/1988
e8323c1b-36ea-567e-b952-1c532af8b483,UexrL,Y,LYrVt,Daniels,fulop@obo.mx,Daniel Newman,7/26/1963,(314) 539-6395,Kuugdij,editor,08/11/1927
d5a8b687-2d35-5546-8ff9-db76bf9322a9,gkSPl,Y,cTAcc,Coleman,kosev@bugisce.bt,Bess Nichols,1/16/1980,(526) 676-5953,Tisdejug,admin,22/08/2070
dffed272-a734-5fe6-849b-54999ea361da,DcfuE,Y,JdjTW,Jimenez,foprunba@ofeik.fi,Lottie Bennett,10/30/1999,(422) 901-7759,Alanogbuv,contributor,09/09/1960
04a7e274-30a4-55a0-b6a3-0e7de4cb8f44,kEgRA,N,lIPVG,Baldwin,lilo@ogu.zm,Ivan Bass,7/9/1997,(738) 312-6827,Fenecbi,guide,12/10/2062
83f4138c-5efe-56e2-a870-be627ad0f236,TrVVx,Y,daReP,Holt,sir@co.na,Mark Wong,6/8/1977,(575) 244-2403,Pacveopi,contributor,10/06/2032
a1348b2c-287a-5cbb-9550-7a3e970c085c,VOogd,Y,MLCFO,Hayes,tesi@wug.jm,Joe Allison,9/6/1987,(949) 829-3549,Zonnajbuj,admin,26/02/1973
7bd6ac0c-0eba-5a9a-82f5-2a5d39ac3408,HtbYT,Y,jrrwj,Gibson,bucfizho@moeju.fj,Jimmy Hopkins,5/18/1964,(981) 557-2138,Moralop,admin,12/05/2018
70c1f902-deae-5021-a3a6-90f59b024b17,mnUaN,N,xQBam,Burgess,fucoder@measu.vg,Jared Ray,4/11/1958,(574) 207-6056,Gevleji,anonym,31/05/1922
e3d841dd-7e05-530a-a67a-5a918bb060d8,xjbLJ,N,TjisM,Shelton,ur@wugeod.ls,Larry Singleton,2/21/1986,(710) 227-4555,Deupoojo,editor,14/04/1924
638fe1b6-25e5-53b9-aba0-4fb3d2c3fdbf,MCeAR,Y,FPWCw,Lucas,az@leew.io,Leona Sandoval,7/13/1983,(225) 840-1850,Birapkal,editor,09/04/2027
dc515ba3-ad38-527a-9be8-53110cd43968,YRlOa,N,HDXEC,Becker,ri@wonoces.nu,Jean Burns,3/4/1971,(419) 589-1117,Durlerib,anonym,22/03/2009
d1f8fcd0-fc5a-5c77-b300-6a7072530d53,fOJgR,N,RkCse,Gutierrez,uhoniuf@bo.org,Gerald Snyder,4/22/1977,(217) 960-6439,Dakiveb,contributor,28/03/1917
d014c67f-5a29-5e26-8562-97e851524a68,ffzBC,Y,dojfR,Bridges,cagihe@zel.aq,Hulda Cox,11/10/1976,(273) 338-6985,Wuwticev,editor,23/05/2034
27bdb371-eca7-5b02-9ff3-06df7a1b9cb9,oyBek,N,xUlaG,Neal,tukot@mer.pe,Barbara Tate,3/31/1988,(952) 692-6955,Rilocad,anonym,24/04/1994
2d74975a-acfd-575d-be37-125c088798a1,ATbXq,Y,wIuni,Pearson,piuppu@wiki.hr,Jesus Patrick,1/26/1993,(914) 213-2374,Mogdeih,guide,24/04/2020
f08bc3bd-4d6a-5113-924f-e88b94394a5c,GayRH,N,veLQs,Kennedy,imuikaho@vodahal.ms,Kenneth Holland,12/16/1981,(245) 327-7963,Wutuoj,admin,03/10/1964
d535f7bf-a9f0-5845-a47e-f0564482a2a3,ctnPU,N,vDXii,Leonard,fukadoeza@fad.ir,Carlos Barnes,7/16/1954,(354) 886-8671,Zablavib,editor,27/01/1986
a3a0e08e-6b2f-54d0-8277-74e5ff85a797,OmXGW,Y,jDdrm,Mendez,doanewi@edsar.sb,Henrietta Weaver,1/10/1992,(510) 843-1011,Hawcotov,guide,11/10/2058
31b71f7e-466a-5783-bc37-7dae5ec52559,CnEwY,N,ZwUcJ,Greer,iwuhi@hetame.sk,Virginia McGee,11/1/1981,(586) 319-4198,Ozhitaha,contributor,05/08/2002
2df7d434-bf7a-50d1-a080-7a4a74c5dda6,iyrIf,N,rXQVN,Moss,holigfi@notnuzti.me,Estella Simmons,9/28/1989,(476) 247-2628,Hifoviw,guide,25/10/2051
581df950-e9e5-5bf6-af75-072d254b4d66,rMJvE,N,yjHCr,Carroll,uf@dizisdep.vi,Danny Myers,4/7/1988,(331) 591-6103,Serimid,anonym,20/01/2003
12be5521-b471-52bf-8f96-b62b949f4eb8,SiijL,Y,jLQWg,Clark,ini@huuku.sg,Eunice Griffith,2/25/1995,(383) 469-8945,Susfobnuc,guide,28/05/1983
9460f37d-0c17-5e8e-952c-c67590022edc,mVZZa,N,vsGOH,Pierce,gul@bedu.ae,Jeremy Fleming,1/18/1993,(574) 873-8808,Zefielo,contributor,02/10/1914
30a0a08c-c762-57df-a600-8775f36a04a1,DiQDe,N,pyegh,Powers,lusuutu@gic.mv,Myrtle Jacobs,3/15/1988,(380) 633-7260,Dawgoazo,anonym,13/10/1929
64e665a2-2b83-5cb4-ac99-1a356673a976,InTRo,Y,cfXGy,Griffin,pujat@kumcirim.bh,William Edwards,1/30/1995,(282) 658-7041,Mimouma,admin,20/09/2034
ac4628e4-1846-5334-89d7-653509e78eeb,zqxvT,N,gUCHF,Goodman,juwejrag@jawropfam.gm,Manuel Campbell,2/19/1982,(888) 587-5712,Lamihuwu,contributor,08/10/1944
099560c7-9478-5e07-8ff3-76b80fc85607,zgppq,N,iKdol,Rivera,ibivih@deinuzi.dm,Martha Fields,6/1/1988,(326) 677-8926,Nadtuofa,anonym,07/07/2030
efe9e610-5e1d-5599-af04-ebea1bb65949,oCEGO,Y,WBwaZ,Steele,camromfi@geh.cf,Mason Wallace,8/13/1966,(931) 994-9558,Recuoba,guide,12/10/2029
897d7957-e069-5a0f-886b-93bbdd92f45b,cXTZQ,Y,QcRzm,Castillo,zizujag@da.nf,Owen Sherman,8/8/1999,(974) 777-2901,Jivomzic,guide,08/08/1914
6230748a-6315-52ed-be9e-48f1797c8dc6,eQWdj,N,OEPrb,Manning,gumiapo@cojo.mn,Olive Love,12/7/1989,(562) 219-5233,Zeziapo,contributor,25/11/1936
c7fd119f-1353-5f00-9681-2d4ac4331c9f,KszoL,N,deeni,Rogers,waf@kacev.mm,Edgar Ellis,8/5/1988,(621) 411-5595,Pesijehu,anonym,22/06/2045
c5e7baa8-d25b-58ca-89e7-dac71c02eb15,LXgBB,N,bqEmh,Moody,sudururo@givgotbij.zm,Duane Daniel,5/10/1998,(485) 734-3659,Gudkozke,admin,02/05/1942
e679116d-0b8f-5fb2-8e7c-973ccd55ee67,VCQzv,N,rxUZJ,Spencer,uzmejaz@ecjempoz.ng,Bradley Burton,9/10/1972,(876) 389-5086,Baccizok,contributor,07/10/1972
c6c1ead1-f957-50a3-ad45-042d6b0790de,dSuBS,Y,TddkX,Ellis,da@evdomvob.as,Mason Fletcher,5/2/1981,(532) 758-9522,Zaomehe,editor,28/12/1933
576ab428-9ff4-5d35-beaa-5b577039699b,XjmvQ,Y,RqKzu,Oliver,ja@nihadi.tz,Corey Baldwin,11/9/1982,(621) 260-5621,Dufatomih,anonym,22/11/1981
4c9b66ab-bcc2-519d-92c8-cc9c016dcbae,tVvSa,Y,xPgQs,Turner,cawat@hos.tm,Oscar Burton,3/12/1989,(966) 555-3755,Usgesa,guide,06/04/2018
c38f5a7b-714d-5198-a37d-99afce1fada1,HjcPN,Y,KIbFV,Gordon,use@jez.mn,Ryan Dennis,7/2/1991,(604) 641-2053,Evieledew,admin,27/10/2015
625e6853-51c7-5ac6-83b6-055f5c80352d,Gfgny,N,xbWVB,Howard,vinerew@tolweiti.no,Juan Wagner,11/21/1999,(831) 480-3146,Apwised,editor,05/05/2067
caabbaf4-f1b0-578d-937d-b3dd3b0cfd8c,qyIxS,N,AWRfC,Stevens,ridale@ajaaboize.tr,Ethel Lawrence,10/20/1987,(774) 941-1641,Wumbaolu,admin,26/12/2028
6c8e6de7-c9ec-541f-a447-094e6697ac93,SANXK,Y,kONnZ,Carlson,ja@ofzok.bj,David Malone,12/28/1956,(783) 814-6518,Totrueg,admin,21/07/2036
5278aa5b-5a5b-5ebe-a3b7-8b7dc3e1d03a,YTGGD,Y,FgCbY,Swanson,zug@susike.at,Hattie Quinn,5/1/1965,(574) 772-7744,Hinvotuk,admin,21/02/2041
6e9676f9-7742-53e5-b824-54b027afc211,CxQPM,N,EhRNy,Howell,gek@zip.aq,Mina Richards,3/18/1972,(705) 701-9490,Fuzlasso,contributor,01/10/1944
8add621b-6479-5aa1-b968-528c051b7542,HljHM,Y,LiVXe,Lyons,rem@se.ph,Ann Vasquez,10/18/1992,(863) 458-3405,Wibiphah,editor,08/07/2015
b1c41758-b7c5-5382-8a1a-b71f8619991a,ldSWJ,N,OSbfM,Ingram,do@ej.cx,Hulda Wagner,1/9/1989,(979) 708-5549,Cozcucoza,admin,15/07/1987
ee7d36e3-cf06-5fae-b165-1c8f99fe0c7f,OnLdT,N,AEiDH,Perkins,ki@kenda.tj,Barbara Figueroa,7/7/1968,(365) 978-7013,Tefwugpe,anonym,14/07/2040
7304046c-6522-5e6b-b946-a5cd61b052df,Vmida,N,MYuwi,Hale,umaur@bilorap.lc,Clayton Wells,9/13/1971,(614) 781-3976,Ajeipram,anonym,16/11/1987
24ff172a-47a1-59ae-a6a8-ffc0fd56c520,UNsaZ,N,pSHYD,Howell,bis@ifede.ne,Helena Shelton,10/6/1982,(963) 600-6612,Jadobo,editor,21/09/1988
1de4afa2-b7d2-51c4-b356-ae7965518905,IxmjJ,N,SAtGv,Ortega,muhtirom@vipub.lu,Dora Watson,8/9/1963,(331) 335-4175,Rokihew,editor,25/02/2057
4e09de88-08f3-500b-ac0f-9de9c9f85dcf,ImmDA,N,xwMOR,Price,teka@im.gg,Floyd West,1/29/1990,(871) 563-9183,Nagubom,anonym,16/04/1980
b892c58c-e754-5714-8fa5-f3bb8331c3d4,uJQhM,Y,YnBGB,Powers,sejes@su.cn,Herbert Taylor,9/26/1958,(249) 832-9668,Igogoap,editor,29/03/2018
1e4e8925-419a-5d1f-8b71-a83bdc1f8af6,wnlxv,N,yCPtZ,Harris,lervanpib@kuvokazu.pf,Violet Horton,11/11/1994,(784) 654-5059,Bacilavag,editor,18/02/1997
cac93cf5-3867-5d79-8d1b-2257844a7a63,TANWV,N,vOoUR,Jackson,iremog@ata.et,Joseph Wilkins,3/5/1975,(482) 374-4167,Lijozdob,editor,05/07/2067
607e7657-c3d6-5a83-952e-86273a11af24,rmobn,Y,NmKxb,Francis,pi@woza.bf,Leona Nguyen,12/26/1979,(708) 931-9485,Aggukwes,admin,19/02/1905
38b1c7f4-d7bf-5cbd-9ffe-27689cfa4786,Xqbmx,Y,TpMRh,Hardy,rutihah@cum.nf,Curtis Brown,6/6/1970,(816) 343-7637,Jerpelwa,admin,02/09/2055
0df3b073-137c-5ad7-943b-6886de9d4efb,AHayP,Y,aZUyb,Flowers,hoecueco@buvdaven.mm,Gilbert Franklin,10/10/1978,(233) 213-7530,Navuvbo,admin,09/09/1974
ebd13ccc-114a-5898-b3a5-d59493066222,cbWoT,N,OoWEV,Sanders,cenkeh@seuziewu.va,Adelaide Scott,10/26/1978,(747) 496-6959,Wovdotuc,admin,28/02/1980
eb1622b7-d8c6-5389-8ca5-0e6e35aa930e,rdkrY,Y,covmC,Cook,gefolalo@wimhetuj.gt,Jorge Sparks,7/1/1986,(586) 759-7049,Gaekab,anonym,15/03/2054
73177b07-39fe-57d7-8446-b8192d402093,meWAW,N,EjNjF,Bates,bonsonec@ho.sy,Rosalie Dixon,8/9/1979,(403) 640-6233,Urjemmef,admin,10/05/2013
92c30001-79fe-5716-9ddd-121ca6063a90,bJwln,Y,HAled,Newton,no@okiem.ir,Christina Porter,10/20/1966,(463) 323-3034,Guhvidda,anonym,19/09/2047
d2e6b8ce-b95f-587f-bedc-9f98fdc1b371,yzPnk,N,rWQWO,Chambers,aticowtif@pedih.sm,Lina Hopkins,12/3/1996,(225) 957-3558,Eferieza,contributor,15/04/2037
d334d5b6-125c-5721-8e08-d0158c3b18b4,nJyER,N,FJJsN,Diaz,poomge@jiov.ml,Flora Buchanan,11/2/1995,(473) 282-6899,Gimijam,editor,13/08/1905
c03672a2-d584-55f4-9739-f60662ad54d9,jMoFF,Y,ZHdzo,Wilkins,lulazoru@paibi.gp,Harriett Mitchell,6/9/1970,(984) 418-8273,Hejsawa,guide,06/08/2052
1050db08-3711-56f8-833f-3ab8045a2c21,gdwuI,Y,IwbVc,Lucas,si@tej.cr,Miguel Diaz,12/3/2001,(628) 840-4334,Luepcal,guide,18/02/1949
d6b5781b-c62e-505a-9f56-d7ee06f72207,ZECZR,Y,oWUbo,Walsh,hejhassug@miwbiw.ax,Melvin Mann,4/18/1972,(571) 641-3812,Mirura,editor,24/12/2063
6c95ef40-74eb-588a-a9d5-da6a71aeebc2,dlrMu,Y,KVluk,McKinney,cohuj@lezaceci.as,Georgia Harris,8/18/1976,(382) 272-1350,Ondidrus,contributor,02/09/1954
33663bd9-f615-5c5f-a9c6-59737d24e343,uEjaZ,Y,cQLqr,Schultz,ra@emwahra.td,Clara Cummings,5/18/1996,(627) 378-5441,Muzoknu,contributor,02/04/1963
7a9e240e-a6f0-5ab8-9b72-826f25ad4012,WSeki,N,MJyyJ,Montgomery,kiwwo@paz.dk,Todd Gomez,9/14/1987,(758) 628-6259,Esozajoc,guide,05/11/2032
66ba5506-5889-52bc-81c7-7282df4770c8,CLtig,N,uVuaH,Neal,ughed@cilvaco.lv,Todd Maldonado,12/23/1963,(870) 227-2302,Lenripgil,contributor,09/06/1990
3fe00567-3730-5630-bf60-021c46394c35,qpQzw,N,FqfKH,Lucas,velege@bon.uy,Leo Logan,6/20/1963,(749) 636-8194,Conbavjad,admin,09/01/2063
d20856bd-ddab-5865-b130-e0f155318d8c,eqKDI,Y,AHaKF,Alvarado,voezo@kukaz.fm,Lula Christensen,7/6/1966,(413) 811-7127,Makzase,editor,31/10/1972
469b8a62-40f1-50fb-b058-d8350160aa36,dyzKz,N,bNkuZ,Reid,doz@ob.se,Craig Herrera,2/9/1980,(343) 398-9037,Bophofuz,admin,28/03/2057
be9bd6a0-8d03-5670-af68-54faf397c8ac,vXlWb,N,OErzQ,Holloway,pabpine@ned.dz,Margaret Fields,1/14/1979,(958) 271-4659,Comilif,editor,19/05/1947
63d334d9-565c-564a-b0d0-bcf0b306ad52,eIsPH,Y,MpjtZ,Chandler,azojufco@pof.ma,Andrew Frank,2/14/1995,(623) 467-1195,Buftibek,anonym,07/03/1957
03a1fc52-25ff-57ce-8931-14f253c0f563,vYCGC,Y,OYsay,Simon,capujez@gasdohat.ke,Calvin Kim,10/28/1961,(749) 575-2952,Gizfamdu,anonym,26/08/1921
fb2721ea-3ff6-5303-ada6-aa0f6888e931,ugZun,Y,YjfrV,Conner,mimema@avaire.eu,Clyde Howard,12/28/1967,(815) 901-6181,Dednubuj,anonym,01/05/1909
3bb85f96-30e9-5247-97e6-c64fb8e0e71a,DFuZO,N,nfzxs,Stewart,fam@akwivdo.im,Nina McCormick,1/28/1984,(356) 277-4623,Vilime,editor,27/07/1963
b4a59013-867c-590a-a168-b726ae617c32,mWBWT,Y,EkfTq,Douglas,memkuldol@udop.vn,Marc Adkins,4/17/1983,(307) 942-7333,Bezirdiv,editor,24/04/2020
d10dc1f9-fe96-5b43-8fbb-bd4d20d2d547,FqVzp,N,ocqSy,Jones,pabuc@otanorfoc.com,Alberta Weber,2/10/1992,(883) 887-2603,Carevve,editor,09/12/2006
81d4bc90-281d-5ce3-ae50-9b73e5b20726,CbDCY,Y,FmZqY,Lyons,lofgenso@bidugjed.py,Ethel Gross,5/2/1986,(381) 892-3044,Tetetonuk,contributor,16/05/2031
a1855cd3-f6b8-5844-94b6-ee33a6a9bbce,lUFIW,Y,gwvMe,Allen,um@camitbip.ch,Eugenia Fox,1/29/2000,(470) 739-7690,Tohafa,editor,09/08/1914
e6980049-81a6-5a38-9d94-0eb42955becf,SyiKY,N,PhCXu,Gomez,en@hot.bo,Martha Perry,11/1/1974,(553) 268-1349,Tonitjo,editor,06/09/2001
2ec4c9a6-84a4-515a-9274-78c4a7b89840,jdfYH,N,umVdq,Castillo,kuijiul@jugci.tc,Willie Byrd,5/17/1988,(307) 656-4483,Wukeros,admin,17/07/2038
288b7b75-c0be-588d-b74d-3d7b5ff17589,uclWE,Y,NHrZx,Carter,zofob@cuner.se,Isabel Rhodes,3/19/1975,(924) 582-7433,Nedwudug,admin,28/02/1902
fd4884a9-9457-5ce8-917b-81fdeb7bef85,wzNJq,N,OkIZz,McKenzie,fira@fuljam.bv,Victor Flores,2/16/1996,(436) 796-9703,Lubsawpof,admin,02/08/2060
96638c27-7689-5196-b205-8373561658ae,xLMbR,N,FpIsU,Goodman,waponegu@akogu.th,Matilda Guzman,7/19/1999,(875) 292-4679,Afadozsav,editor,25/12/1969
df370424-0700-53c0-851b-5b29a6398e5e,fXtZT,Y,lcLof,Klein,dakik@ne.nl,Evelyn Pope,7/17/2000,(968) 446-5977,Zuebazed,anonym,03/01/2010
3993fcdc-8208-5b9b-8079-91e799223d50,ypkTU,N,fhlBT,Baker,wojoz@lezaj.sa,Jane Walsh,12/5/1982,(509) 607-6340,Zuadubab,anonym,11/05/2013
1cfb644d-9026-58af-88a2-4a28f7495ffb,FASIE,Y,DygOx,Erickson,ez@edo.gh,Max Lamb,3/3/1986,(750) 290-6726,Tupvesi,contributor,28/09/1905
77c5d05e-7a84-5912-a17a-9354698812d8,bvcTn,Y,vMyXe,Bishop,moslucone@voj.bf,Kevin Maldonado,2/22/1971,(803) 939-4447,Toccapla,editor,29/01/2018
ad6879ed-0f63-53e2-94e7-5062818ca1c4,lQELP,Y,TzLax,Cross,zo@mowaiwa.mt,Lucille Norton,10/5/1986,(970) 271-2216,Vivraro,contributor,17/07/2049
bd812986-24dc-5e13-9348-6a5eb4b2da20,olmFe,Y,dkFLK,Duncan,le@pedebi.lu,Ernest Christensen,8/22/1971,(823) 353-2570,Uhoublih,admin,09/09/1980
535daee7-2bee-500d-87cb-a886d11fdb91,yFLGJ,Y,Qxvlw,Cobb,hup@tisgokde.tr,Jayden Jordan,5/28/1985,(464) 891-5738,Icabedas,anonym,23/03/2005
963741ee-3514-51f8-a09d-47339f0dc15d,koDTU,Y,NtVAY,Farmer,gawziwa@da.ai,Bess Payne,6/29/1956,(837) 765-3862,Opdebu,admin,02/06/2049
8c03bd91-211f-59cf-b433-9b4ac27d817b,ShIhW,Y,yHYBh,Holloway,bi@gulo.jp,Leila Hardy,2/3/1987,(776) 317-6290,Ponodo,anonym,04/06/1905
7317cad3-ebee-5402-8b23-6b847ab99e52,EHQhZ,N,WhHta,Nunez,ag@vurirfij.si,Gussie Chapman,2/23/1979,(331) 624-6355,Fafebipo,editor,28/05/1936
2c164aa3-41cd-51ce-b592-017e05c3cd41,tzoAW,Y,tWIjX,Underwood,sigzo@zoobuleg.gs,Henrietta Collins,2/13/1981,(687) 728-3863,Favilo,contributor,27/09/1996
ca9b54e9-3449-5219-bf4e-3a53f2913dfc,hDfLg,N,LYzcm,Schultz,ga@ezi.tk,Russell King,2/7/1985,(523) 900-1220,Zezginle,anonym,17/05/1992
b5b814d4-f5d2-52dd-80b8-996fe50008de,YmYgH,N,jJsyZ,Lloyd,ruwbijer@naonuzi.si,Kevin Blair,7/22/1974,(377) 648-8261,Pukerezo,guide,23/11/1989
ad5eab27-0b4a-5984-828b-4b0abed273f6,UcOfQ,Y,RWbmy,Moody,oze@vet.bw,Allie McGee,6/2/1979,(703) 547-7699,Itijutco,admin,24/09/2033
6e2b2eb4-e254-5ae2-935d-b21c5737d934,IBybc,N,wroEB,Garcia,wofubno@zowpaag.uy,Dale Hart,9/23/1976,(904) 493-6909,Jicvigsi,guide,18/05/1953
076427ad-9130-5f27-a736-97c1a02fae9c,OEabT,N,aVSpS,Ballard,ihu@ebihofeb.ma,Larry Oliver,5/21/1969,(618) 417-3949,Rimivrej,anonym,07/08/2016
07621806-ec40-5882-8ea2-b514e0ea6ae4,hXnJW,N,EykBn,Chavez,ko@bacfinmo.tg,Jason Ramirez,6/24/1967,(379) 861-3588,Irnockef,admin,30/03/2051
6d853197-f387-5419-baf3-9a5a1bfa696d,Amzth,Y,UWuIt,Johnson,bette@jimjan.sv,Mayme Bowers,9/26/1960,(567) 288-1733,Jempucum,editor,27/10/1931
024d3e27-82dd-5854-947c-01a4c2230544,BqOUF,Y,PLhCh,Lynch,fabem@pofujkus.ps,Nathan Green,3/21/1962,(459) 734-8308,Zanedsi,contributor,19/06/1958
e7967bdc-1f3b-5e98-bead-70f427b997d3,uRxNu,Y,OFvCU,Vargas,av@dat.tk,Ophelia Spencer,12/12/1998,(634) 999-8309,Dageef,editor,08/10/2023
6095a402-93d2-52cb-a354-d92d79063f05,mXlmf,N,BMcde,Walton,doccu@joiweha.kr,Jennie Moreno,10/17/1969,(515) 395-7408,Urmoawe,anonym,01/10/1950
55f3bd09-3ff7-58a3-97b2-3ca58bf9ea7b,MwdGl,Y,kokqw,Matthews,esfas@menfir.er,Harriet Day,4/17/1997,(320) 781-2177,Itidolehe,admin,21/05/2061
ab214207-6f46-5672-8cfd-c486933c7f75,KMivj,N,VlXxl,Owens,neflirle@kezvim.sy,Franklin Wallace,2/8/1989,(347) 801-8807,Mebsedhod,guide,01/03/1923
90755328-a8e8-5066-b03e-b9cf30dbd366,ZnYip,N,muoja,Ballard,bo@rapek.eh,Francis Gregory,4/15/1978,(841) 880-7928,Uhuponhif,contributor,25/01/2038
95847753-3a83-5523-8c29-0daadfbd03c0,fSqRI,Y,CwwtZ,Armstrong,iwunir@koduv.fk,Hettie Roberson,8/24/1954,(349) 222-6345,Igiizjup,contributor,17/08/1933
b9c1898b-2010-58a7-92c4-0c604f2984d9,WjTUa,Y,xSfrd,Morris,uliniudo@ennuz.lk,Lelia Patton,8/20/1971,(447) 248-9386,Omosezit,contributor,25/11/2017
e5af5723-dd89-577f-b7ad-22860b333797,jXpHf,N,unzKi,Dawson,nobeb@rupowni.sa,Sue Franklin,12/20/2000,(552) 754-8427,Naaslej,contributor,02/03/1949
4e5260aa-9028-5145-859a-3ac3c763494b,xqPMd,Y,alWjw,Fowler,ru@onuvu.br,Lewis Vega,12/18/1974,(779) 356-2201,Jezimwi,anonym,15/04/1956
ac5f8684-5ce2-5206-9d3a-62eb855e7312,wPSER,Y,EUqwt,Simon,ku@new.ug,Eunice McGuire,10/15/1963,(567) 449-4536,Segdeboce,anonym,03/07/1907
ac4884c6-ae9e-546b-937f-1a7cb661c408,LUhHL,Y,sbADK,McDaniel,ezesecdo@optu.mu,Cynthia Henderson,4/27/1981,(710) 844-8083,Votida,guide,29/06/2007
8f3c293d-de28-5f14-8598-cb63669563a0,jEeCI,Y,tnNrA,Reese,we@nowezut.ag,Sara Potter,7/15/1966,(734) 398-5254,Avpier,admin,30/05/1998
7b3976c9-d130-51ce-8c58-bb6ed6162610,KJREt,N,cZnwC,McDaniel,nipre@bisedu.sh,Danny Hernandez,9/23/2001,(459) 266-8016,Geeluaro,guide,13/06/1992
7c6a13c7-4967-5e99-9c09-8e3fcfb465f4,WtapN,N,zhMvY,Freeman,futi@fotiez.kh,Harriet Palmer,1/16/1977,(618) 491-5163,Etsaan,admin,27/09/2054
6f7c78ff-b421-5213-b7a9-fd21b5115836,cIbyX,N,VnWMI,Dennis,sasdiwfez@nu.fm,Lois Osborne,5/27/1959,(535) 512-4018,Hopfihuk,guide,12/09/1979
32bb96cb-4a8d-5921-b4ec-8c2fac73ab88,FIQNS,N,cYERH,Jefferson,cijjevru@tamucuji.bb,Teresa McKinney,9/21/1966,(988) 268-7901,Zeffazif,contributor,12/07/1925
e26cb0ff-3bc1-59e7-93a6-59f38a9ae743,CdcRs,Y,gqcvR,Freeman,opig@kohug.ky,Lee Dawson,12/11/1989,(444) 476-4034,Jibawe,anonym,28/10/2009
e27b3a20-e8cb-56cd-8f57-4c47ea22b365,GfXiu,N,FhjQH,Marsh,nabjozum@nunja.km,Ernest Spencer,10/11/1983,(675) 850-5324,Garadek,admin,07/05/1986
66d0a759-e46b-5671-a5d2-080b449cf666,xVEiK,N,Jofog,Spencer,coferazu@ge.na,Ora Johnston,4/20/1972,(469) 958-1198,Derukef,contributor,12/11/2037
a9d3daf5-22e2-5497-94d2-2d595f30b0bf,EgRUx,N,JDEsl,Strickland,uvageawe@kipazemu.cc,Maria Moody,11/12/1988,(719) 428-5984,Natcavut,admin,03/09/2027
99d011fb-6b11-5762-847c-a78a162457f5,CrwDn,Y,YXPHG,Mullins,matudtur@cadalom.it,Maria Copeland,7/25/1959,(417) 736-5584,Pozicocas,anonym,05/07/1974
39a6d8ef-ceaf-53d2-a60a-f72422f4a36e,SBVoJ,Y,nfdpD,Wells,jaitbuf@muwupo.cr,Leah Moss,3/22/1961,(458) 810-9293,Lejijuzow,editor,03/02/1928
182eb08d-89aa-5b44-8acf-8e1ed4ae7ba6,ictZI,Y,ioLZb,Curry,zun@ke.tk,Jose Olson,11/11/1977,(222) 371-3491,Vomodif,contributor,22/04/2002
13a72a34-71ce-5337-a332-f679c2f31cfc,jezKx,N,wiViu,West,aneef@wi.ae,Jesus Osborne,4/25/1978,(560) 755-8321,Hasrofwo,editor,01/05/1967
8b02aefe-f6f0-540e-aa8f-e8a5f210b198,YlXZd,Y,KMnyl,Malone,cujfahoz@noduzepu.sm,Gordon Washington,9/10/1954,(206) 206-9425,Povimid,anonym,14/06/1909
52df0d24-4e24-5705-acec-151d04874c65,rwDVB,Y,BWckh,Erickson,alih@fe.nr,Ellen Roberson,1/26/1987,(251) 285-6951,Geuwzud,admin,27/07/2026
d7ab927b-b39b-53d7-9787-ba7c3b3fdde6,xFfmU,N,OYWKK,Conner,olwoj@jaci.ky,Mathilda Wallace,7/23/1984,(882) 411-5996,Usjile,guide,26/11/1915
38e23be0-6f3a-54bd-aac4-50289f128f09,uNxKc,Y,Jrjxk,Nash,vedledar@puk.cx,Martin Hunt,2/6/1993,(960) 857-1615,Luheseotu,admin,17/01/2046
21081d70-a467-5ee5-bee3-3c0a7abbe021,uCrUC,N,Dmahy,Lee,bial@vod.tr,Maria Dennis,3/10/1960,(441) 486-7364,Fokitivi,admin,15/02/2028
966471d7-7661-5834-9535-c241e040cc53,aFDvK,Y,bweMH,Kelly,itu@uf.ch,Aiden Webster,9/4/1989,(311) 556-9513,Notginzog,admin,19/11/2024
c32a98cc-5eb5-51a9-a573-062c132f1853,XukWc,Y,YNJZJ,Gibson,lut@wer.om,Caroline Phelps,7/23/1979,(669) 237-5259,Kelgeso,editor,25/07/1945
99933f08-fdf8-5fd5-9f05-d7925c9c803f,dBVvo,Y,KuPFH,Dean,raic@igig.mh,Amanda Webb,6/4/2000,(216) 291-4022,Woanaun,guide,24/02/1963
32857796-1f34-54e6-8127-3040540e43ef,BRTIj,N,SioSO,Hunt,umi@licojume.kh,Hattie Moran,5/30/1997,(840) 299-3904,Itasofub,editor,10/03/1924
ede33e8d-5aff-5556-ba9b-a6f2c7571abd,loHps,N,CLBWl,Ramsey,zowo@owo.gd,Chad Dennis,9/24/1981,(541) 991-7703,Tegsebik,anonym,18/10/1938
6af6bda8-56be-575e-b5d7-9805d167e92b,LFIFO,N,LNbek,Howell,ce@udoat.cc,Minnie Hall,5/2/1957,(364) 237-7862,Gagjojet,guide,18/04/1904
7bcb8d13-47fd-5d02-871b-cc46e8ca395b,RlgyI,N,NgDOm,Bishop,jew@kacoh.an,Nora French,1/25/1987,(356) 440-4608,Ewanuhasa,admin,20/07/1983
0dbab80a-5eb6-5b7e-8d5b-269a37b76924,KOiTL,N,vbsbY,Ruiz,naki@tim.ch,Cody Estrada,10/13/1992,(582) 507-9289,Mecmawtah,editor,02/01/2035
6764e2f2-391a-5f5a-a32a-e3915952929c,AnPaw,N,kjgUs,Long,waspajun@irobi.za,Effie Goodman,3/4/1988,(620) 881-8496,Ujzaneku,guide,20/09/2045
433d4d30-c3e0-5c37-8ea1-00d3d0a9f670,GhfKB,Y,SxukG,Wright,uwcusev@huce.es,Mario Alexander,10/20/1983,(956) 893-7952,Gingubi,guide,26/06/1976
151b4836-c44a-5b9b-a0dd-52898844696c,sGqrq,N,nNKmF,Sims,cuhun@fiperi.gg,Lucile Stevens,2/21/1959,(315) 971-8209,Cihuvo,admin,01/12/1979
aaa93dc6-896b-5ad7-9f69-28371a72a20f,fkCnZ,Y,fAdXp,Fields,ew@le.id,Theresa Rogers,7/13/1996,(530) 317-9799,Luabiik,contributor,27/07/1982
e4512cba-08d7-5450-a731-3de7ebda89c0,mdJJx,N,FhYyy,Wright,du@gu.ci,Jorge Bowers,3/30/1977,(821) 850-9671,Jahuvra,editor,09/06/1924
41a108f6-c09a-50c8-a72d-08a237df91bb,vYqBT,Y,gWFOf,Tate,hebra@tubjufub.lv,Bertha Riley,5/3/1994,(915) 796-8131,Zaduwaf,admin,21/05/1965
38db005b-8f8c-52bc-99af-0003df2cab16,mNXsm,Y,Rrrxp,Lewis,upvamha@zep.io,Fred Parks,10/1/1967,(651) 859-6498,Osnusa,contributor,23/05/1995
527328c5-b26e-52cd-8838-5202994d3b73,fuoqk,N,BoblC,Alexander,su@cuf.jm,Cora Stevenson,5/15/1984,(902) 996-6059,Ipiceki,anonym,20/10/2068
4b2df723-9c02-5a4b-a341-0f8816253fba,yvrwp,Y,Dxwkj,Parks,cense@gatguus.aw,Francis Stone,7/7/1969,(661) 276-5783,Tuferraw,guide,31/01/1962
0591e1da-2f6c-5306-a8ba-0c362b7c8b46,OXvrv,Y,fmvTg,Vasquez,watuc@wiittak.tj,Lina Schwartz,12/6/1976,(505) 918-7847,Tazzutiw,anonym,07/07/1903
33acdefe-2efa-5bcc-89d9-8d38bd764f75,bVvgy,Y,hGigE,Hughes,fi@ducmivi.ve,Etta Cannon,10/5/1959,(757) 635-2241,Bawazifa,guide,08/02/1968
a531b743-99be-5354-b9bd-1d1a58f4dc96,gLEoT,N,NzUMv,Harrington,bivkuj@lurladsa.gy,Donald Harris,10/5/1976,(701) 328-9383,Umijamse,editor,03/11/1989
8cb3cc9a-21ac-5207-a336-dfe7d3914309,WhOpF,N,Hnqfk,Franklin,jim@co.im,Cecilia Chavez,9/10/1987,(286) 463-8505,Didmewi,editor,18/01/2000
18ab32cf-93e9-5244-b9ff-bd54659ad6c3,QMBPL,Y,uelIo,Watson,otuvovid@niomaob.de,Albert Baldwin,12/12/1974,(674) 789-2549,Cuiginuz,guide,19/09/1926
13b2ec1e-2a72-5f77-a5c6-67375e92a704,cmmIE,Y,NOGgs,Gardner,ukgiled@vaha.ac,Mason Simon,7/10/1991,(369) 887-9896,Sihgucki,editor,23/04/2020
9ed22a32-3157-53b8-ba48-9b79715d3954,QMdoL,Y,TyARY,Lyons,bepav@ufuawjuf.ai,Ada Stone,3/11/1977,(975) 518-1688,Unumuiw,contributor,22/12/1964
7700b36c-a72c-569a-b4ec-f5c10b7d427b,bEGUG,Y,PFxhP,Hoffman,bijjaila@defjikfaw.md,Joshua Hardy,10/31/1983,(751) 995-7246,Kijutico,editor,13/10/1953
739f5110-2ca3-5e87-9097-f70e3d55b969,QFYaC,N,QVwQL,Perez,tuvo@awapawo.ru,Mattie Phillips,6/7/1993,(555) 827-6100,Wuzehu,contributor,17/12/1937
e348c7fe-36be-5e4d-88f1-377c453a8ac3,ItmTO,N,yyqTH,Schneider,evuwo@saswot.se,Josephine Carpenter,10/17/1990,(444) 239-7872,Liotijo,editor,19/03/2011
5d1f6a57-fd32-593f-ad9b-57927f626110,fekaZ,Y,COMSZ,Delgado,pakes@huvongo.tw,Clyde Rowe,3/6/1977,(501) 483-4337,Riwvomjas,contributor,05/08/1958
9c0befa6-ab69-57aa-b31c-7168bb95c205,drvdK,N,ZieeL,Ward,lob@kesrufes.ma,Leo Greer,11/24/1987,(416) 851-2514,Wovmiul,editor,02/06/1979
86327ce6-a671-52ac-9904-5ae504d0c699,mvcjT,Y,SxWbm,Marshall,wiipirev@sejev.br,Della Saunders,11/7/1991,(600) 408-7326,Isefer,editor,30/11/1981
0d7677f0-bd62-5428-b6d8-5eeefe6af3cc,hFgNc,N,AhXZf,Wolfe,ocicuutu@tubajwa.is,Eddie Goodwin,8/4/1962,(621) 768-8750,Nobegfot,contributor,08/07/1941
2a650ff9-d3e4-5fc5-8c29-9abf059b50e3,fkBnI,Y,USduk,Brown,fug@hito.hm,Myrtle Dunn,7/18/1997,(443) 399-6513,Dasumoz,contributor,02/06/1932
89360373-5617-5525-a8ad-c9c5dbdb1529,uAAoQ,N,qkduh,Carr,nu@ped.mq,Lewis Copeland,12/27/1991,(408) 711-8268,Todarmet,editor,14/12/1919
d3956dfa-b395-57ae-a71e-be67d3b77fa6,IjQRK,N,NvxHu,Jenkins,be@ruamu.sb,Mathilda Hanson,2/12/1994,(504) 541-1399,Guhucpud,guide,04/06/1921
681a8a26-e330-5299-9138-bdcb3afdae78,MPPRx,Y,gQLyM,Brock,hemonwi@ritsarow.do,Matilda Guzman,12/3/1982,(617) 933-4671,Ragteile,contributor,09/03/2041
0d27a7ad-d44d-540f-bf6f-0498e5e99112,RKjEJ,N,RHQvP,Bishop,ju@ke.ee,Julia Dean,6/24/1970,(888) 502-6368,Ojelicop,anonym,30/09/2051
a9d4f890-c510-514d-a00e-a0f789effe17,sOTlt,N,AkyVO,King,husrede@usruzoz.eg,Elnora Butler,10/17/1986,(849) 931-2819,Ilraroc,guide,24/01/1937
a8edc83f-6516-5981-a46b-f870e7e94d06,Bgagx,N,eIjfL,Nelson,uki@opood.io,Vera Drake,7/27/1965,(388) 263-1527,Rehesoc,editor,06/12/1993
78da0eac-37ac-5f76-be81-4b99145448a3,syemO,Y,QnWhu,Oliver,ve@eppaf.ee,Lela Porter,10/18/1960,(247) 776-7213,Hijoin,admin,21/09/1984
9ca48b0b-4a63-5da4-98a7-6c7fb975826d,AimqE,N,OpjfR,Parks,pa@sohgusmo.mg,Duane Vasquez,5/3/1975,(728) 447-2900,Jondowca,admin,09/04/1957
541c40d1-2528-5076-8212-017b368dcc54,Mskou,Y,aOBFz,Park,gimi@cot.mu,Lina Brown,8/17/1976,(274) 633-9103,Oborisog,admin,28/02/1997
45045bb0-d00d-5a12-bbf7-d189387d56bf,pEMof,N,vkrxU,Rodriquez,ebkergez@bad.org,Gilbert Kelley,2/1/1982,(883) 816-2187,Vagukel,anonym,20/11/1961
17bd6e01-44f0-571c-bce2-3263e190220a,bQdGe,Y,iadsB,Welch,wakcibu@arunev.tz,Ian Parks,2/2/1976,(438) 981-1454,Atemoev,contributor,30/08/1927
aa3e39c6-be6f-59e8-a974-32b0d9129ede,FRjyD,N,VKfUv,Barton,ponowu@cu.dm,Isabella Reese,11/3/1989,(777) 820-2100,Hetricke,guide,24/03/1961
fd1fb147-1a9f-57e1-bd3e-1a450afbb97f,RclaK,N,cXsTT,Meyer,ruw@hawa.pr,Sarah Page,11/6/1976,(284) 692-4070,Bisefki,admin,05/06/2048
f5c532f5-1e7e-55f2-ac05-0120f6a7ea57,kpFRx,N,aLrfe,Jimenez,bovre@kubi.nu,Robert Pittman,12/7/1961,(789) 554-1248,Jizworem,anonym,07/12/2025
73423148-8910-5d2c-b16e-fc689bb80e00,bvmQq,N,LUydW,Chambers,vab@si.pk,Jesse Olson,8/16/1973,(283) 424-5593,Ahsossu,editor,17/07/1901
687a50e3-4e66-5cda-9283-349b1af76d24,wXvoT,N,NHBfc,Goodwin,valuse@nan.gl,Harry Cohen,9/16/1973,(345) 600-4628,Sannurnak,anonym,19/05/2060
16894943-82d3-57c1-9ed8-23cf49215c68,zRveL,N,Ieirs,Spencer,niifca@ewo.lb,Tommy Paul,7/27/1956,(516) 793-8013,Jusjojla,contributor,18/08/1973
ddc79664-68b9-578a-89ce-3ad0492d6f54,KvHyl,Y,MTOfw,Diaz,omeoni@sulaof.lv,Rebecca Williams,10/2/1955,(968) 629-6353,Nekjuzuk,anonym,13/06/2011
0b0c9c7d-3525-56a2-b919-627193a86370,WRNMc,N,YRmpN,Robertson,hicut@kaga.mh,Cody Vaughn,8/5/1959,(521) 923-3160,Nulunuw,contributor,23/06/2044
8462f9bf-dbbd-5ea6-9bdb-676467f34ca3,XEoXV,N,XKmCC,Barnes,do@kuh.ni,Earl Howard,4/20/1966,(943) 379-2637,Vustostak,editor,24/07/2061
d61d3355-39cd-5e25-8973-d9f88bbac8ae,vNmfo,N,EKbIq,Gibson,ba@vitepi.cz,Ray Higgins,1/24/1974,(347) 593-1474,Raglagebo,editor,06/12/1947
8c76c4ef-de36-5369-ae85-54fbb2c42b52,oWSSA,N,CxUqS,Lucas,odkofuc@hi.zm,Larry Barnes,7/26/1989,(916) 359-6755,Tolibvu,anonym,22/11/2029
152f1d3a-03b2-549a-9a27-07390a451517,fHhaw,Y,Kjcig,Walker,omniof@okakas.ro,Lucile Briggs,9/20/1978,(858) 887-9800,Doturezo,guide,12/08/1959
df61d81a-3214-5b12-87c5-6fca58e8bee8,gHjKh,N,MqyAy,Davidson,di@eh.mo,Madge Nguyen,9/11/1989,(205) 576-6905,Pawefduh,editor,07/07/1902
3236cd06-5eb3-5b3c-b167-a9535665bdd2,YXpRi,Y,IrNXz,Day,wingolur@fehdafiva.ck,Willie Wolfe,5/19/1957,(954) 354-9549,Hanarvaj,editor,06/06/2053
856abb84-ade7-54ff-988e-36abb3766cb5,nzGLi,Y,VbDxF,Rios,kumfocfut@zij.lb,Willie Walker,11/24/1984,(783) 631-8368,Wonpumuf,anonym,08/08/2044
239322da-ff43-599c-910c-cae6de4cb854,ZqZCT,N,OVEWM,Richards,nu@ges.th,Esther Black,9/4/1986,(632) 347-9617,Potifuf,anonym,01/02/1906
c2b25fe0-da51-5b58-b23a-16c92b9e7c85,ytWTi,N,uZHgT,Perez,faghofkaw@kanonlir.bf,Shawn Sims,5/31/1961,(734) 886-5370,Uzlubis,admin,26/09/1976
8de1540d-68a0-55e5-a778-934552659e52,bFPmE,N,bbSBm,Gonzalez,godo@va.sn,Charlie Washington,12/30/1998,(527) 608-9215,Galuznu,admin,22/06/2024
9f42e117-2e97-5039-8073-74a92f88b8ed,zkFwx,N,PipSx,Ramos,avi@fezwu.gy,Jeremy Potter,8/14/1975,(273) 989-4806,Pahubacog,contributor,21/02/1904
d0d89b65-d7cc-5d07-91d9-1c459f0a58a0,IEAeJ,N,uWlKK,Townsend,baz@pioprej.gu,Ola Norton,12/1/1996,(627) 703-7253,Pazlubid,admin,20/02/1987
9a9fecc6-c214-5ff2-a17a-1a325dd3f3f7,MSCzy,Y,UBunL,Mathis,togidopo@kabdo.cz,Shawn Gregory,8/9/1962,(252) 625-5162,Keeltun,admin,23/05/1947
7df703bf-369a-5575-8dee-0afd37639ecc,slVwE,N,rdcNn,Stewart,loepa@kuzpabze.tk,Glen Bowen,1/29/1961,(677) 849-5168,Zanewce,contributor,24/10/1942
5f2e31c5-36ed-5c1c-ad51-4f7eaf829a04,ysteF,Y,zIYeb,Kennedy,vesvubha@igupap.ec,Marvin Webster,8/17/1996,(424) 924-4105,Omuikavad,editor,24/07/1980
cc9cb2bc-0114-5fc3-9f75-3292b83d12a8,npftt,Y,zAPEx,Huff,zevrovkah@remepisad.ai,Katharine Neal,8/15/1965,(447) 727-7502,Wenimhe,contributor,18/11/2052
dfa35dfd-41bf-5002-baac-46ea9e7c257e,eQzsb,Y,QQgkJ,Duncan,zakirrid@geuloli.lb,Randall Roberts,12/1/1954,(580) 706-6870,Nuzadeg,editor,28/12/1926
fab76dbf-515f-54d8-855f-10db89b69a5d,fOwsV,Y,rVDas,Castillo,agemi@gavcah.cy,Jose Price,11/14/1985,(648) 806-1863,Bufuczi,guide,16/11/2033
c0aabdfc-ea2b-5dfd-8fd3-d84c66f330c6,oFnNa,Y,DkrOQ,Meyer,megjo@lowa.nu,Chester Alexander,4/15/1993,(538) 520-4498,Kakmupac,admin,07/01/1953
8e3109da-3b9f-5d74-8428-47a8241e7d9f,mUNNA,N,SMAhp,Bass,gu@heg.cr,Louis Chavez,5/20/1958,(700) 938-8077,Izatso,contributor,24/02/1988
972b5bb5-caa5-57a9-86ad-8d3fed2475fd,hMaPQ,Y,wYjIV,Morgan,ja@ate.org,Kyle Gregory,3/4/1960,(337) 898-1082,Mipgepja,guide,11/06/1921
172c7664-2e40-50c8-8723-cfe0dfa116d4,Fquml,N,uUZSv,Huff,si@ida.zw,Isaiah Perkins,5/31/1960,(809) 893-4387,Zagummi,anonym,08/06/2006
2b578d8f-ac0c-5048-99d2-4b7102027119,kvVlr,Y,XUqzx,Morton,ukunazeh@lezo.hu,Jeremy Reynolds,4/22/1981,(659) 629-4037,Jopfovor,guide,08/02/1939
725465f2-4de8-5364-8ae7-a285c8831419,FTfBm,Y,jXZgk,Baldwin,nevac@icu.mv,David Bowman,2/23/1961,(484) 765-3009,Piwifli,editor,06/02/2012
9bb5f90a-5ea7-554f-abfc-978896267e3d,ZHqfP,Y,HXlKG,Brady,bucan@em.bs,Lina Greer,7/9/1973,(753) 576-5966,Bagetiw,admin,16/07/2044
477f19ec-74c8-51ac-822c-77a426b144c1,IuHIU,Y,AxqUt,Howell,wum@mefuliz.ca,Jesus Henderson,9/14/1983,(543) 867-5638,Ihdedog,guide,28/06/1972
4727b6dc-f5f2-522b-a559-41980b286435,xTUNj,Y,ymAAw,Cohen,de@kilo.rs,Bessie McGuire,6/11/1985,(569) 572-9497,Atibisu,guide,18/01/1994
e6a301ea-b05d-50bd-9851-29dbe310ecc2,PfiSe,N,iaypW,Rowe,ucbide@tu.an,Edna Henderson,2/2/1996,(931) 698-7079,Wujosewev,admin,29/08/1962
79b87682-38c8-58da-ac3c-30aef3fa02b3,IYWzi,Y,jSKZy,Morrison,mafjamvog@cereb.sx,Wesley Warner,9/2/1962,(473) 250-7379,Oraberbi,anonym,28/10/1912
c51b83d5-b8eb-53c5-979c-7893f5d71731,CnNON,Y,eCOEi,Blake,hiclur@okeh.az,Aiden Ross,8/1/1987,(643) 965-4423,Zoguwwi,guide,09/05/1913
0a255230-1b7e-5817-88df-e9709f39827c,BQkBX,N,GkXQt,Dunn,jefono@meluj.mk,Jonathan Manning,5/17/1965,(914) 631-3702,Gamviba,contributor,28/03/1997
02ea42d5-c392-5bce-8c10-72658106dfd0,pCcSF,N,OARkT,White,hubgin@ab.lb,Frank Castro,10/7/1966,(248) 546-1167,Upizeztip,guide,10/04/2038
d0ce3bf2-49d9-5337-abbd-3bc0c4203057,bHYEs,N,qaywS,Ward,paf@mewe.id,Louis Klein,2/9/1984,(475) 874-5882,Ezufusfew,guide,22/10/2070
bf5ed55a-cb07-541a-a658-d0cb69555c44,EPDbb,Y,dhwcm,Cohen,fuabko@zakon.as,Genevieve Fleming,9/23/1992,(753) 652-3982,Wegvatar,editor,07/07/1911
b63bd598-8c0f-5775-9330-3e0f58b114ff,qXwiU,Y,EpVZN,Norton,sajumin@ito.ru,Harvey Greene,5/6/1963,(981) 221-6680,Nohlulsoj,anonym,01/06/1967
1edbe769-753a-5dd3-a8d9-7da309b63e6e,vZgOI,N,HDHMc,Henderson,malgojet@bu.nl,Mollie Figueroa,6/21/1974,(987) 709-1522,Hoggovin,admin,05/05/1933
197c61c8-bc80-5b2f-81b3-e45a39c31d9b,czqvK,N,SpJdk,Harvey,pi@tuhujep.tc,Chase Cobb,12/24/1991,(246) 466-7296,Marhazug,admin,09/05/2059
4bd3c9cf-f256-537f-9c92-ebdbc375d3d6,ZwwzS,Y,GAkIc,Gordon,kenohwi@bu.ai,Augusta Hill,6/23/1985,(279) 863-2770,Ilboguw,editor,23/09/2042
06b1a472-b89e-5251-be48-8eeb504fa781,auLuc,Y,Cdkvn,Herrera,foc@wi.sz,Andre Stevens,7/10/1983,(335) 616-1878,Docijohe,admin,29/09/2057
bf337d4c-183e-5b8e-8184-fa7654201b43,uxhQy,N,TUmhj,Byrd,dilajjez@piejofi.vc,David Shaw,3/31/1954,(383) 473-9822,Enudagu,admin,08/12/2051
ebcf2f69-20e8-5a3f-be23-5e34df16ad2d,Nupsq,N,nGbMz,Munoz,kusva@holasomoj.cz,Marc Moran,12/5/1964,(936) 760-1678,Aleduriz,contributor,09/11/2036
5d561003-4dce-5500-a174-b73cc920f28c,fqsXg,Y,oQMcF,Ortiz,ji@ehiifu.np,Gertrude Kelley,4/4/1986,(479) 297-4110,Irameisa,guide,30/08/2040
15d69970-c101-5972-8b2f-cd593fda1bcb,lzbZY,N,QcyKH,Harper,nic@vaviul.hu,Rachel Green,10/28/1963,(274) 321-5870,Jiecepe,contributor,25/04/1966
0c551560-83e4-529a-9f95-8e81c0f1a5c6,gFkXg,N,Fwnin,Watson,sujij@podurecu.kz,Ann Schmidt,6/15/1998,(438) 652-6893,Ragimvab,contributor,02/02/1949
4e591f54-5d05-5d38-8526-dd07522362b6,cUGDI,N,jBvuL,Stephens,rifag@pus.se,Lewis Ball,1/18/1997,(883) 295-6963,Motkapa,editor,11/01/2070
fd71906e-a9d2-5a58-aa8b-1ff45a3bdc10,IWoTe,Y,zSJha,Hayes,tot@zotusso.hn,Dollie Jordan,10/6/1978,(429) 203-2809,Gujlueb,editor,06/12/2060
67c12803-a739-5603-9eab-43f07bfc026a,UptCX,Y,cDqOS,Daniels,biz@gelewo.im,Tommy McLaughlin,1/28/1991,(307) 495-3595,Lomruke,admin,22/11/1966
17a8f8b8-efe2-51e4-9949-dc4df4d7ad72,xfRaK,N,eDjIn,Clarke,sos@huvuus.mu,Anthony Barrett,11/16/1997,(445) 743-4172,Civawhi,admin,25/06/1912
f823a007-525b-5e86-a7e2-96f5ce4bf46d,tRHci,Y,hxZyM,Luna,gogokbot@tik.bj,Rodney Wilkerson,4/5/1980,(672) 205-2541,Aliemtu,contributor,17/05/1935
1109d4f5-158f-5d20-a311-a10af2c5e581,rhvAe,Y,YKmUA,Porter,cuvivile@diwoeni.gr,Matthew Summers,7/13/1962,(346) 777-9983,Ivjugpa,editor,10/07/2058
e6c29441-7555-53bf-89c0-3ffc27cd6e6c,dFIwA,N,slggW,Neal,nudoca@zudhaj.ve,Alan Lee,8/11/1979,(755) 989-8740,Tozhionu,guide,03/12/1973
53dbc5fe-015d-5fe4-9e2b-9ed5bd327210,khoQY,Y,xNWhs,Miller,po@ijimuhaz.cl,Bryan Fox,6/21/1990,(924) 814-8901,Cigawkes,anonym,17/04/2035
ede3aa49-12b9-5a7d-ba9d-1c9fe1c2f4bc,wBxsQ,Y,EEFZB,Townsend,manahu@bewozuc.tg,George Cunningham,3/17/1965,(601) 942-3847,Ecudakfig,admin,24/01/1902
dbc85346-0cbe-52b3-87cb-4b5951b6d2c2,XRteu,Y,OKBHm,Allen,mavepvo@ulvidoho.jm,Dylan Lamb,2/21/1980,(389) 634-5887,Roswojo,editor,08/03/1920
e13a1f61-8d47-5d4c-97c7-e4d03e8c5c96,lhKPp,N,bdbCB,Leonard,wubawepaj@owafemuf.li,Hallie Morris,7/10/1957,(206) 797-8087,Tokamno,editor,20/03/1996
236b63ad-8858-53d9-807e-9f435af5d72e,sEFFL,Y,YXmrN,Fletcher,zuf@kahbedu.bw,Bernice Mills,7/5/1969,(569) 228-8760,Jetfembin,editor,10/08/2065
29ff2f82-5d7c-5047-bf34-f8f8cdbf6449,KcWqT,N,lNEpT,Rogers,jisica@sunave.tn,Stephen Park,2/6/1991,(239) 680-5261,Upaguwba,guide,15/03/2044
c4405b2a-054a-5d44-88b5-c7c08faf819d,QiSKk,Y,IiXAm,Hicks,nenev@capor.pr,Tom Swanson,12/14/1967,(682) 296-4723,Elaubejo,contributor,11/01/1979
6b5f5393-efd6-5ffc-9567-5e63ce4ca3a0,OVNtr,Y,pvHgF,Webster,vensoj@baduzwoz.pk,Mae Morris,8/6/1986,(680) 399-7609,Cihatjo,admin,12/02/2006
e1425eb3-f485-550a-a5e3-f4f05691f45e,PsgMR,Y,OncHj,Willis,icob@mumdidhoz.sd,Bryan Tyler,5/4/1960,(347) 316-9377,Mozvewu,guide,31/01/2016
563b4532-e52f-5e66-9bbb-538ea638af1e,mWMcx,Y,HruCY,Atkins,zoznet@atcauva.tj,Mollie Mendoza,3/22/1989,(455) 257-5049,Okadodome,guide,07/02/1911
c2e3971f-5c6a-5755-876d-604f2c79ed69,dJNsl,Y,iUIIo,Guerrero,kocdo@oli.bb,Ralph Howell,6/12/1956,(470) 627-4121,Gevudhi,anonym,16/12/1975
b5b08822-4177-5c66-81e3-b51acdd484b9,JSdvk,N,YkieN,Benson,su@obapofdaj.ad,Zachary Robertson,1/18/1971,(701) 956-9837,Gamebeh,guide,13/02/2069
23497f8e-3ee1-5ed9-bc2b-4879b5e0aa7f,pNXWR,N,rJYWq,Robinson,jovih@in.sv,Francisco Tate,9/6/1986,(570) 339-6365,Zujtawfah,anonym,23/03/1999
2541af3f-d464-5bf7-9ae8-f60d50ed28cc,KvTKv,N,loFek,Perez,bibka@kifrar.ie,Leroy Carson,4/12/1987,(636) 731-1610,Zomefbip,admin,07/06/1923
a0ba755b-8892-5d30-a2e6-7c253de66613,LkEZn,Y,ltpkV,Hayes,tulos@raamab.bi,Cecilia French,6/2/1962,(769) 389-5875,Duedaof,contributor,10/01/2009
97acd72a-9e65-5aa9-86f6-796f35e0a91d,lYMKh,N,jwWmg,Neal,jucu@ezezu.cg,Jordan Gill,10/19/2000,(825) 921-3970,Wihutan,contributor,07/09/1983
0f9be7d3-d779-521a-b3bc-b61cf96e8a1a,xpluV,N,rKONo,Dunn,kaduj@cumjid.kp,Maud Harvey,2/12/1968,(382) 682-2009,Mawevva,anonym,04/05/1973
6fd545f5-5a6f-53b2-959c-f7b124d23a62,YKtkG,N,gIRUL,Bell,ri@pubvut.ve,Carlos Fisher,8/7/1972,(363) 526-7038,Vazusgo,editor,02/01/2064
2d5ee179-37f4-5426-8170-b1f0addc9f21,dgyru,N,HMjxb,Davidson,on@bilpozric.kh,Evelyn Lindsey,12/22/1965,(847) 472-8894,Hasamomad,admin,02/06/1939
532512bf-0e75-5cc0-8a03-880a2e15df5e,CqXnV,N,qlqyz,Brown,cu@hire.mn,Keith Byrd,7/16/1999,(203) 250-4979,Digwaliga,anonym,18/12/1996
5eca643b-3578-566d-aca8-3307e118aeb6,MgXHz,N,SoLfp,Strickland,demhud@fagum.bg,Amy Harris,12/23/1955,(357) 362-6635,Fedejtuv,admin,09/05/1993
1c62ca19-69f7-5119-80cd-6d7db6df50f5,RuNPS,Y,GHhnf,Francis,ta@mo.dk,Phillip Sanders,1/9/1988,(556) 314-9498,Etebhu,contributor,31/10/2022
7abd9d1f-e299-5e21-b655-86a58397c4cb,XhCjk,N,GMSsg,Oliver,cobsiz@zuf.sa,Landon Arnold,7/25/1989,(570) 897-3085,Horfasnu,contributor,30/07/1961
e57af7fc-20fb-58d9-a64c-5c779ae15e84,vhSaO,N,KCJlz,Santiago,utvulrih@umaak.pw,Hulda Richards,4/23/1978,(585) 233-2443,Honhagod,editor,03/04/1936
88c1ba2c-6a85-5917-9a37-cec554b1c3f6,CEQde,N,ANXZd,Holmes,jut@izmacmed.sa,Cordelia Thomas,7/20/1976,(761) 703-4632,Fulowa,contributor,26/04/1973
cfe320cd-4e23-5454-91e5-fbc73492ac94,klzih,N,ZrwvU,Lucas,vu@rehbu.mg,Marie Sherman,11/4/1973,(323) 756-1911,Cuvgeja,contributor,17/04/1979
74b6bcc7-6888-595f-82b2-799073d56c20,oIRrr,N,ryDoX,McCoy,keki@ular.va,Alfred Pena,7/30/1968,(816) 312-4655,Micmael,editor,14/06/1910
c4e40492-cbb2-5b97-a5ac-ead9f3c17d7d,crurt,Y,qdiOz,Ramsey,bujhob@hed.hk,Chris Tyler,3/24/1969,(574) 596-4011,Libpise,anonym,22/05/2068
e1755721-4bf0-5ecf-9e9d-160c199e56a2,TzDZr,N,vSulj,Dennis,roj@sa.bj,Addie Valdez,8/25/1959,(787) 614-9771,Gemidci,anonym,14/03/2021
222ed0f3-7dc1-5572-8b9f-36297234dfbd,SZaYJ,N,mHbkd,Gutierrez,amame@wutguv.mt,Eleanor Wheeler,10/29/1979,(729) 390-7454,Apiocuhel,editor,26/07/2067
40b1788b-5c57-5442-8b3d-9ffcf8583849,hKZPG,N,wbHVF,Caldwell,zib@sah.mu,Stanley Bishop,5/6/1964,(331) 307-3336,Abidogjog,admin,05/05/2056
7543f83f-c571-576a-8314-c1ba64376716,tJOtj,N,lVSbl,Cain,joskaf@onpim.au,Cameron Collier,3/10/1968,(841) 450-7974,Habowul,contributor,26/05/2022
dc179db5-9372-5ede-b288-73ab6bf06a6c,hzUyc,Y,lZJuh,Murphy,upezob@ripahkod.ba,Georgia Jimenez,3/9/1998,(534) 981-2826,Suctuoz,editor,03/03/2069
3e305958-667e-5ea0-9a88-76cc0c7cc1db,SErck,Y,klcjc,Ramirez,zouk@gotfuvu.ci,Rebecca Cross,12/23/1983,(726) 406-6681,Venmiafe,contributor,04/07/1984
081da704-6cbe-5a44-89f9-54c7fffb238c,bxbsQ,Y,Avuqq,Berry,bukap@zoezik.tg,Louisa Ross,1/16/1978,(833) 904-2431,Latfogco,anonym,04/08/1926
4fbc5bd7-b0ef-5bd2-9730-8f384d61ea5f,TcKpG,N,xHXlD,Greer,no@jolwadbev.er,Howard French,7/21/1969,(377) 886-5799,Ciumka,admin,12/10/1959
bd79f526-debe-5d04-bade-f4a874bac0ea,rQYXj,Y,gSSyB,Curry,to@inaaglu.gs,Mattie Maldonado,4/12/1989,(550) 712-8618,Jamcudi,editor,11/11/2022
6f1102f1-a2e6-5606-ba87-7665f41a4948,leVus,Y,wgjrM,Norman,jenid@cew.my,Allie Stephens,7/20/1961,(683) 908-3255,Gapocbet,anonym,12/04/1998
493fd774-00cd-592f-a421-1e09953011b4,TTlHj,Y,TiLjC,White,tefe@ru.lb,Duane Neal,11/19/1965,(419) 767-4590,Pubbegfas,editor,04/09/1966
d3747cfd-9f8a-5dae-8fdc-f62f4aa23188,OvvHu,Y,sbInE,Spencer,gebigic@no.ck,Elva Hanson,11/10/1979,(251) 860-7940,Lescuziz,contributor,24/04/1960
1b8ce3f9-7fd9-5da4-922c-f2fd77d25dec,YLglL,N,ccnRu,Jackson,fugana@amkabog.va,Rosie Mann,4/24/1954,(374) 959-8637,Newpapu,editor,06/04/1946
99b5e670-faaf-5ade-bd26-e72255ca674d,jbVAE,Y,JKKoJ,Sandoval,rugobnor@feb.kr,Brandon Greene,10/7/1991,(765) 813-4326,Jilande,anonym,13/12/1959
57341ec2-4c79-5397-a093-60b71395aa69,lWdes,Y,oYJij,Phelps,itbuhig@hi.ma,Marion Cummings,6/20/1963,(547) 606-7433,Zigumal,guide,18/09/1900
6b6c1272-f39e-57eb-b8b0-72f3b2a2f830,CQxby,N,IJxCh,Fisher,hovsuben@babe.gb,Aiden Nguyen,2/24/1982,(629) 509-2338,Hivizvic,editor,13/04/1963
cba6a3c4-2e5c-597b-88de-a64769587c4e,wWRJA,Y,ZCHtx,Willis,ni@de.sk,Hettie Benson,8/24/1971,(536) 747-7541,Siledo,editor,14/07/2022
019655e0-9ec2-5e6f-a93d-084f2be1ac49,jcAHG,N,rHugI,Andrews,hofdu@da.net,Abbie Conner,3/23/1962,(560) 872-4738,Jamesu,admin,27/01/1957
19e3e088-d84a-5438-8e3e-aa9dc1a56caa,RytTx,Y,XMuiy,Welch,won@tu.mg,Theodore Mann,4/15/1985,(913) 226-2801,Ovkeute,contributor,30/09/2029
94282bbc-f09d-5aee-abd0-462556e18b73,WnRoH,Y,fdhwJ,Gutierrez,if@inuevof.mv,Charlie Luna,1/19/1984,(659) 499-2999,Honoive,anonym,31/01/1961
ac403b6a-bab8-5628-a8bb-ee74a5a826ef,OrdLd,N,OEcSX,Wood,majsosoc@pi.lr,Mildred McKenzie,9/19/1973,(722) 666-2166,Kubjoje,admin,12/12/1939
d770ad09-04e5-5484-af99-5e1190c50fdd,qHxYt,N,PzOvE,Ballard,be@andoh.cm,Myrtie Webster,2/12/1966,(957) 832-3905,Paapta,anonym,08/12/2043
174de889-ee05-5375-9d1e-225d9030f24f,riMkJ,Y,SkOYj,Nelson,zohev@ju.am,Madge Dawson,4/6/1971,(879) 890-9976,Kumimok,anonym,13/08/2025
a25a16e1-ee22-5bdb-ac4e-aa13856d7e17,mOxLm,Y,iGbBV,Robertson,uz@butuh.bh,Agnes Alvarez,7/9/1986,(572) 680-9746,Sohozuc,guide,16/10/1994
aa2ce52f-fd0f-5a24-a963-c0517cf33bbe,aKRRe,Y,JsJjh,Hardy,uniadilip@tod.tc,Mark Willis,11/14/1975,(272) 597-9915,Wockikpo,admin,28/04/2004
f69e72c0-9dd3-5345-8b30-72cf63ae7cc2,khPRi,N,BVTEf,Yates,re@gomovo.pg,Leona Baldwin,4/16/1998,(633) 222-2173,Edjimuw,contributor,26/08/2061
2c16b6bc-88a6-500d-81f5-2ca9295e1e18,Zgigy,Y,Nflli,Gilbert,buompe@mazab.is,Luella Sharp,12/19/1991,(837) 339-2315,Ravsupi,admin,26/10/1905
236a0f31-42c4-5c25-8820-8cdaeb87fa20,gJuet,Y,jcoHp,Willis,wilohu@vuvrag.wf,Clyde Murray,1/5/1973,(616) 584-7991,Gideko,contributor,25/11/2022
d6ccd24e-7c6b-5b4b-ba6e-220adb4eb194,oXoaU,Y,eenbI,Ramos,sapik@zubwac.an,Nelle Sims,10/31/1985,(556) 815-4775,Bekigim,guide,29/05/2069
8c588b2e-66f6-597c-a4a2-21400c60ad4c,UuViv,N,vTvxH,Rogers,ur@visu.lu,Millie Norris,10/11/1989,(931) 875-7935,Fuhhotam,guide,29/07/1978
4111712a-7f69-57b5-baa8-1c91d2105a3f,LUtoB,Y,PMcUa,Hopkins,pikaftuw@iphem.be,Dustin Garrett,4/21/1991,(457) 459-6545,Lugirzo,anonym,25/12/2020
a84bc6b4-12fb-5847-b7f0-f61e0324bd98,zNykP,Y,fWkyY,Foster,lovi@hulcilib.ke,Zachary Adams,4/5/1969,(337) 434-7151,Porgiho,anonym,07/07/2002
47822dfe-0430-5031-b219-d820d1dd96bf,yQQVr,Y,ZNkfK,Swanson,kaca@uvovumiga.lb,Dorothy Moody,9/19/1964,(388) 754-7617,Roigitel,admin,13/05/1900
e6b66214-ddbf-5c96-af8c-63c79a396f08,cpSAl,N,ukCWM,Mack,ikpaluk@roj.bh,Sara Craig,3/11/1979,(221) 844-5069,Usufobni,editor,21/07/2000
2a08ee23-c512-5480-97b2-9e0778c39a2a,PnTMp,Y,MVQzF,Barrett,vo@muk.ai,Roxie Frazier,6/23/1974,(487) 842-5817,Risucku,anonym,15/08/1941
f423bed6-6362-5bb2-abdf-a134bf50ce98,iiMBU,Y,hMEEI,Brady,gidujcu@sefujtu.yt,Myrtle Campbell,3/9/1978,(465) 619-5341,Enahpaj,contributor,30/09/1932
c123d74e-7cbf-5e32-9e3c-52b454b8dbb7,CaBCR,N,zoVYN,Murphy,ge@guprev.pa,Jorge Torres,7/29/1960,(709) 520-3114,Nefojpag,editor,15/07/1928
6499529f-a2eb-5d2a-8514-8183373a196d,vitLc,Y,Lbcds,Medina,mahveciw@ni.vi,Luke Johnson,9/25/2001,(852) 489-3799,Jokale,admin,26/10/2029
a92a68bb-f7b0-5d28-b50c-6f1ed456056b,jaNnq,Y,zCniU,Graham,videtep@lake.rw,Randy McGee,3/6/1966,(941) 702-9415,Weummaf,guide,10/10/2002
efe0a0d3-51e4-54f9-9ce5-4804a0b883c4,TXmhm,N,qNqZM,Rice,fatij@ebozu.ni,Lilly Barker,10/15/1970,(286) 404-1021,Behsucab,guide,17/11/2019
158d9d69-32f3-5c81-8d8f-0e6d2d955f09,OygQH,Y,TMnSv,Moody,nuk@fopipe.mp,Tyler McBride,10/26/1998,(777) 750-4699,Iviguci,guide,16/03/2024
9e7dcdfc-e693-5a8f-8153-8177586cd720,tJZaM,Y,vPiQU,Moody,buh@ruf.kh,Ivan Lane,4/27/1963,(808) 531-1331,Vavijdo,contributor,26/06/1901
98670880-ef4e-57e5-bf80-de8e96645059,JrPJW,N,WQGeR,Erickson,sopa@vo.ee,Mae Estrada,4/7/2000,(427) 236-7921,Wamciwfuh,contributor,13/05/1925
e6d9323a-7437-5efe-8ef1-92a7013120b2,LdKKH,N,POFXR,Morrison,humcofu@ivausa.sc,Willie Sims,11/6/1992,(662) 353-3600,Guwbijwil,admin,01/09/1924
662f2cda-90e2-5be5-a203-915c07e4b65e,mNCCd,N,DaZhS,Tucker,log@na.mn,Florence Tyler,3/12/1965,(472) 519-8052,Nekebuige,contributor,12/09/1971
5728e283-8b60-581f-8f02-c1ec6624fe46,MaJwr,N,RXnur,Warren,kahep@anrelu.mt,Cole Bradley,12/9/1974,(754) 521-1748,Lazfuzaf,editor,03/01/1916
9a8c5ec0-9c3d-54ea-af72-1c1731fc1eda,WqlMs,N,OLVga,Bass,ifa@ivavouna.va,Russell Montgomery,5/28/1969,(249) 534-3441,Kaneat,guide,23/08/1906
1f82f738-9e4d-5fc9-ac74-f26eb97867f6,QJvLs,N,jBqMk,Bowen,reof@kucha.mc,Aaron Summers,6/30/1984,(205) 365-6714,Tonwiowe,contributor,31/12/1912
ca4304fa-233e-5baa-a59d-6a7563b51fdf,qbSzT,N,PGBpj,Potter,pos@mosfe.la,Sam Barton,3/26/1964,(655) 712-9769,Tathega,editor,22/06/1926
f4e362cb-52c8-58b6-ba96-e4dcd873e96a,tvymh,Y,Ikhto,Moody,origi@kup.nr,Winnie Sanchez,3/15/1964,(444) 838-9974,Ruotefi,anonym,23/04/2016
a6cb3746-ca09-57b1-892a-2074b49982e5,OakIh,Y,oEGkT,Quinn,eteuru@ezavu.bm,Mitchell Carroll,7/31/1995,(805) 932-9102,Jemdegul,editor,23/12/2041
75e9d800-f736-5884-a229-e39422812627,wKUrZ,N,DyPQx,Riley,izadiuk@ik.su,Matilda Brown,9/1/1977,(875) 710-1606,Duiwowoj,anonym,09/08/1965
ad89b1f5-2100-59e4-b6e5-8361fb2d7ab2,bxQyp,Y,wnlmd,Poole,josi@odcu.sm,Myra Hamilton,12/1/1991,(835) 708-2320,Ebahelu,anonym,01/10/2013
cdf42c3f-1fd9-55e5-904c-d31fa620ac5b,LCNan,N,gqCSO,Reynolds,gegviw@tornavem.mk,Antonio Bryan,8/13/1978,(744) 890-2869,Taeveb,contributor,28/02/1992
1658a447-05b5-5765-8d7e-63c3e95034b0,SakKN,N,kbStZ,Gonzales,fagdil@nu.vg,Myrtle Johnson,7/23/1992,(404) 830-2466,Ulinacza,contributor,04/11/1907
ed8d5b58-e9e6-5baa-adb8-81b45bc570cd,Hcilo,Y,drIIj,Lewis,gom@vudacik.gov,Oscar Walker,2/2/1962,(463) 778-6583,Imafawa,anonym,28/04/2015
f8008f63-9794-5c80-ab33-a630b872460e,YDDSY,Y,ffZiX,Kelly,sickar@kozisa.pf,Minnie Gilbert,6/17/1968,(770) 565-9561,Dofoliwe,anonym,08/03/2054
b091a9b1-1614-516c-9186-cf75892f9a83,kRPop,N,cvcGm,Sharp,kimkif@miuge.ck,Aaron Moore,9/14/1990,(470) 860-6633,Mawigmib,anonym,23/07/1997
85e5afba-4461-53a2-9e87-19dd34bf1764,UEWXU,Y,Rcqab,George,ev@wetag.an,Sophia Jacobs,7/7/1978,(336) 881-3963,Tulesi,admin,18/12/1921
a16a04c0-b934-5ce6-b26d-88f7e1568799,QFkYK,Y,uulHD,Jones,liwu@sijkolil.kg,Darrell Silva,12/4/1983,(618) 610-4107,Sizeta,contributor,23/07/1908
4d47ad91-f85b-59ad-89ad-4e1bb1229cdd,PGUwU,Y,kSrfu,Ryan,bur@lizlu.gr,Vernon Price,11/12/1990,(330) 986-7659,Kacsesmaw,contributor,22/07/2035
ae17f1ce-dde9-5215-878c-b5ce28ab2bef,yIZPB,Y,tIKGD,Bates,natzevjum@memse.ck,Jason Craig,7/6/1992,(825) 637-2231,Sidevcaf,editor,25/07/2068
ec4e5d77-1610-5497-bdd8-ccf56b115fd4,aLSPO,Y,MeWsy,Burton,wawzaas@za.hr,Evan Hayes,4/4/1970,(913) 717-4582,Lobwagocu,admin,13/07/1972
1e54d72a-134b-56dd-8686-0cc6f59be961,nFPEO,N,kFsyG,Maldonado,sej@dohmi.hm,Rosa Glover,12/28/1987,(684) 579-5983,Ijifovwed,admin,21/09/1945
92e38392-f59d-51a1-aafd-14627d3f804f,MDQEb,N,mSSBM,Goodwin,jezukefa@efzacsuw.mq,Ray Cortez,1/14/1975,(841) 320-4851,Piirabil,guide,05/12/1956
c32d162b-215f-52b2-979c-6ac6c2dfb2e6,tRiGp,N,dJwgl,Banks,nur@eva.by,Jose Ramsey,11/2/1982,(255) 431-8853,Gorlase,admin,12/07/1904
9a8b4795-b2f4-5387-abd9-70ce9f141a88,cpstw,N,oDdic,French,womrus@pili.bh,Catherine Goodman,11/6/1956,(934) 308-4237,Kionugaw,editor,21/03/1933
8d52abf8-7951-5994-a61b-fe000d6e0086,lToWH,Y,wCDFk,Nguyen,niblu@nal.uy,Mario Allen,11/3/1972,(242) 964-5292,Ogtadda,anonym,30/11/1912
34f69a0c-10d5-5d14-b35d-d4345b02d8e7,GqPfR,Y,xerIQ,Flowers,nul@poef.tm,Bradley Day,7/16/2001,(255) 332-9568,Neolunis,admin,08/05/1950
ff22631d-d65e-508e-93d6-3e44b41dd61b,riysJ,N,vIkVp,Jimenez,do@tobi.ye,Marguerite Leonard,9/26/1992,(419) 872-8197,Boupcem,admin,04/08/2034
758daed9-afbf-57be-8f4c-486b19a59b7d,zFyAg,Y,agmeF,Blake,ohejici@buhrateb.fo,Lillie Payne,1/26/1965,(607) 762-2752,Dubudeb,admin,10/07/1929
72320618-8aba-567c-a96b-7651766ac5da,DrMSh,N,Slwiz,Miles,lakti@laj.np,Sarah Boone,7/20/1973,(842) 768-5390,Uweokjib,guide,30/09/2043
62b852c0-bf07-50ab-aba2-8ad27e031d91,lADxy,N,FusKf,Neal,cunip@waguoj.sk,Warren Miller,1/12/1997,(467) 933-8739,Kishernaj,anonym,02/04/1917
50b9a8ed-02c2-5410-b088-f8370283b21b,eaHdv,N,beVlV,Young,fi@zinkof.ms,Beulah Norman,8/19/1977,(338) 782-3792,Fiimkip,anonym,14/02/1966
10eef729-0d9c-5fb8-8e69-2f1979c1814e,kYvKd,Y,gGjfO,Mills,ti@savtovpoj.kz,Eugenia Wells,10/11/1989,(281) 444-5482,Norzawad,editor,14/07/2032
101cde80-e46a-5ef1-a7ba-96d64eef27f6,IUqtM,Y,jawBF,Gibson,owire@siko.im,Minerva Stephens,2/24/1985,(671) 908-6325,Utuwapa,admin,26/12/1968
f8867b41-3fae-58bb-9fcb-0997da5ee512,QorUn,Y,jaHap,Sullivan,lioguwin@nubi.fm,Lucas Evans,9/14/1999,(910) 501-8897,Mecewlap,anonym,13/05/2043
36ec7391-3e16-5155-9add-e29418a08492,yColC,N,xzSkN,Spencer,pu@kuzawaze.io,Vincent Gray,1/1/1973,(955) 444-1090,Dogugel,contributor,14/03/2036
8fc8545b-5303-593f-ad90-e26cfed943b6,LHFXb,N,fTWnW,Rivera,bi@uhi.om,Justin Kim,6/26/1984,(223) 797-4928,Basubtij,contributor,15/10/1974
b287c4a7-1425-589a-b1b7-98c13594e2f7,ypKGm,Y,HjqYb,Wolfe,norel@lis.td,Clyde Jordan,8/27/1964,(902) 327-7529,Motektec,editor,30/07/1955
0d8e095b-3317-5d3e-9118-5c5de9299716,UjpBb,N,RoGQE,Silva,denotni@vub.cg,Grace Summers,6/12/1997,(677) 402-9294,Huvahwuf,contributor,17/04/1938
b729127b-6222-59de-8a77-4bdf0083100f,ajRii,N,ZwdNi,Meyer,duso@su.gm,Jerome Baldwin,12/6/1963,(880) 474-4588,Fivepeb,admin,24/08/1930
bb53a101-4717-5a53-85b0-f6d0fe194534,CmlQN,N,uOEqw,Bradley,le@zelu.no,Maria Walsh,4/5/1992,(862) 253-5290,Pugtengo,guide,07/01/1943
a79d875d-b333-5434-a12b-9f3cbba21d30,ttTtt,N,wJRzO,Marshall,isa@nalze.py,Lelia Thompson,9/4/2000,(939) 492-6214,Jimpubni,editor,12/03/1928
f5a55805-bc55-5772-b924-c57562c1acb3,WmLGO,Y,cZkVQ,Long,wiusa@su.er,Belle Campbell,9/20/1957,(530) 708-6652,Tifbawla,editor,16/05/2023
f41cf3c3-3dab-5fcd-a8c1-c2e62f87abf0,QMvvj,N,fBSRi,Glover,cuhob@koz.ml,Edith Crawford,7/20/1974,(365) 926-7661,Zesahki,editor,28/04/1973
094f29ee-88e9-549d-bb5b-764e313d17b3,uwaov,N,aGcyv,Briggs,cudedoaci@me.hm,Genevieve Ortiz,11/20/1986,(273) 229-7992,Haccuzil,editor,24/06/1916
ce94cb52-06d0-583d-b237-601e737627a6,FuoyZ,N,sQNVd,Parsons,pu@garip.pe,Bettie Ward,3/2/2001,(488) 699-5853,Ovaluvwot,editor,17/04/2020
b5851c5b-cc26-5f4c-890a-7abc0f1bc18b,JqsZG,Y,SSewg,Curry,alkezha@meb.bv,Francisco Love,9/19/1957,(737) 222-9253,Gitutok,anonym,20/03/1993
2157dd77-cd55-5bd4-a13a-d9279426aa29,zTiiW,Y,TYWdM,Pena,pu@cekocevu.tn,Lenora McCoy,5/27/1978,(869) 376-2733,Giuhemi,contributor,14/11/1949
2d5a5c96-9f19-5e4d-ba4e-84bcb78f32ea,Mpsdi,Y,jpkVk,Paul,uwzome@mekkaina.pt,Frederick Lamb,4/18/1993,(384) 675-4771,Tobajug,admin,04/08/1990
bfd15cdd-5d7c-5d6c-a7f8-bcc4942ff671,aUdjR,Y,gNjrs,Conner,juvetawa@uv.ad,Clayton Nichols,2/22/1982,(878) 976-7609,Dabboklit,anonym,25/02/1966
a01c8fd2-b741-5599-99ac-85ea26dd7345,wuUry,Y,XYBSf,Lewis,jowul@bawdaw.bi,Phoebe Holland,6/2/1960,(386) 237-2717,Agbemu,editor,21/02/1953
c5d6c70e-882c-528f-adeb-2f4f1b436de3,JwFth,Y,bowAF,Rhodes,roked@lag.it,Mamie Floyd,6/5/1988,(526) 572-8627,Ganrutjot,anonym,14/12/1972
5c966952-c45f-5d72-84fb-ffc39bc6f964,qMcvr,N,LAAdv,Lyons,eghefifi@omuha.pl,Wesley Martin,10/2/1980,(362) 320-6828,Wowozbet,admin,20/06/1909
9292bb08-d853-539b-a79e-def9aee1947d,JxaKM,Y,ibhHo,Wagner,ve@ma.cr,Roger Bass,4/4/1996,(279) 818-4972,Wicapezi,anonym,29/03/2013
4de4f97f-302e-59d3-a22b-5c93733409d4,gzopt,Y,blESm,Sandoval,fomi@riwsu.me,Mildred Gardner,12/20/1980,(626) 435-6788,Zelokfe,admin,22/09/1954
f2210b9e-1792-5c73-aa07-bc836a3262fd,IldJP,N,oVsEs,Jensen,tozgazu@huwe.tr,Emily Ross,9/15/1955,(933) 629-6172,Wochakwun,admin,24/06/2042
af1ea03c-973d-5152-ab02-af773208e763,vnPkH,N,jAbsq,Ferguson,nuduzmic@sewow.lu,Adam Swanson,4/3/1970,(338) 686-5742,Vihejek,editor,08/08/2034
9d299166-0845-591f-9d74-be75e69181b7,aKwtI,Y,sZAGU,Fisher,elina@fadcele.bg,James Campbell,8/23/1963,(208) 300-4822,Vetocin,admin,20/09/2000
aaef2d07-af7e-58ac-bdd8-5e25b1424d0d,gOVmL,Y,VebjR,Joseph,huw@ibi.si,Bernice Mendoza,3/3/1967,(272) 634-7465,Lifuzib,contributor,24/08/2033
0790631b-36c6-57d7-ad2e-d6e6d98c5ca6,OjKMg,N,JRdMq,Lamb,rid@wueto.ng,Jeffrey Burke,1/7/1975,(605) 655-2166,Nujjepzo,anonym,07/11/2028
dd572346-f71e-55a0-9572-e82d8cef0f10,wJubk,N,NYMNe,Pierce,vidkotib@afi.hm,Marvin Clayton,7/19/1960,(333) 950-3051,Huminof,editor,20/12/1967
52fc5a40-7285-5d47-a51f-ad6c98869239,LrTic,N,Cambc,Fox,jaf@se.cv,Eva Nichols,5/18/1963,(647) 918-9592,Oderokzis,contributor,24/03/1961
609f994f-f67a-5084-a7b0-f7c43e5ae547,GORiS,Y,IivCo,Flores,zeredci@uvhizu.tc,Chad Simpson,7/24/2001,(954) 267-4199,Ivusufa,admin,21/05/1983
6d9ee695-c557-54de-8942-efbdf90670a1,ZTdxY,Y,vLpka,Wilkins,fuk@ri.qa,Mitchell Douglas,9/30/1977,(284) 255-4231,Diroze,guide,28/04/2069
274772fc-1516-5923-b9a4-dadb2ee26dab,pRJHg,N,xrWTc,Green,vatrev@wonuf.ca,Edith Gutierrez,11/12/1963,(558) 627-8847,Upijive,editor,05/09/1911
28b33f2a-160c-5690-ad58-e911f7cf5bc8,LtJCh,N,VbdYA,Martin,nawidmiv@hijaneb.gs,Lulu Roy,12/19/1983,(672) 397-5909,Etalilaba,admin,03/09/1978
43118424-1e71-5f0b-934e-bb0d25b41db0,yiLwr,N,ThMfD,Fisher,veflucteh@fado.ms,Madge Duncan,11/14/1962,(550) 909-4974,Dukouva,anonym,10/11/1922
3032d12d-e853-5c35-9def-e7430c1d5a6c,gxpbz,N,Gcpqo,Pratt,de@egrumfi.net,Michael Yates,12/23/1958,(879) 547-7628,Gocutadon,contributor,23/09/2011
e526a280-2334-55c5-9bc9-db61e573704f,PCBbF,Y,Vxxha,Evans,ojewabe@da.sz,Sylvia Phillips,10/28/1957,(215) 434-6487,Guzumne,anonym,21/06/1958
4a7a2c4d-bfea-5d5a-b264-d4fdad1ea08f,SQXQZ,N,eHmyV,Willis,cuwid@lotur.no,Victoria Yates,2/23/2001,(343) 828-5895,Rewcuksov,admin,16/07/1918
eac0fb10-1a68-505e-ba02-b3db3fc42de8,xFypm,N,Brpgi,Erickson,viodfeh@wamkenko.mt,Josephine Floyd,4/18/1999,(710) 517-8628,Daveuro,admin,14/09/1980
05587ab7-23ff-5bc9-bebf-add1d6a19a7b,DQzDe,Y,pVcyg,Parker,gijwo@coc.ba,Johanna Brown,4/25/1966,(441) 940-2028,Veivro,admin,08/01/2048
fedad5c3-e34d-5658-9105-8008939cd281,wbBOu,Y,YRAxL,Erickson,oj@oczachic.sy,May Wade,1/8/1986,(915) 420-6612,Pijlawo,anonym,04/06/2055
851c38b1-c01b-566d-a266-973ddff5a661,jTFxW,N,hpDFZ,Robertson,cepbogcom@lino.cw,Lulu Thompson,12/24/1993,(981) 560-2400,Walgepcin,admin,26/09/2049
03ff6d80-5304-5c3d-8451-ffdce7dc795e,OgBJF,Y,apVQx,Hudson,bodav@jahjir.ga,Arthur Zimmerman,4/12/1963,(645) 669-9989,Gazubag,anonym,26/09/1960
40e991ca-3646-576e-a255-36043d326396,PmMDS,N,vdsaA,McKinney,sukvez@ki.tp,Hallie Cannon,4/17/1963,(515) 610-1431,Zowcubnej,guide,02/01/2043
03819f03-dc5d-522f-b997-7187104dbfb6,dxiFj,N,IBBcH,Lopez,kuhuluv@hoj.tm,Clarence Cross,10/28/1999,(836) 401-9371,Lesigfif,guide,01/04/2023
965ff2e8-45f3-55bd-b893-6d4914e1c4f9,lVsAr,N,GTdbp,Montgomery,opakari@emases.am,Dominic Daniel,8/2/1995,(676) 235-6097,Refsawzo,editor,14/09/1916
6455d253-282d-5114-9acb-5b2ac3168caf,nyBBo,Y,FDTIX,Carson,sanajre@dit.bh,Jerry Robbins,10/23/1976,(453) 528-9303,Ufulagno,guide,25/12/1900
87c7bc24-f144-5adb-9b46-1de947cdba0f,OEbqV,Y,Dojoc,Arnold,kufotho@ejo.ci,Larry Welch,8/30/1955,(448) 682-2166,Unuturec,guide,01/12/2012
bb6005d9-3da6-54dc-884e-0f07f5af438e,WIaFU,Y,EEbfr,Clayton,cogfisig@jih.dm,Nancy Higgins,12/9/1983,(939) 802-1910,Peijsuk,anonym,17/02/2047
cc200e86-4d92-5f24-ab7d-8d9161fa140c,rtDHe,Y,feZZE,Gregory,uvojinag@kog.im,Harriet Daniels,9/23/1958,(970) 566-1096,Soelpap,anonym,18/10/1928
60cf8465-321d-5b3c-9f2b-3730768d7e72,VMTRq,Y,lmnmp,Pearson,turnim@rewfa.ms,Isabelle Chapman,12/12/1981,(247) 463-4593,Voasapan,admin,10/08/2025
fe17ca25-f2cc-5def-8adb-ed8809ef9448,kJgfJ,Y,Vvhgo,Holmes,lu@wikcor.mu,Jackson Owens,1/14/1965,(842) 726-4849,Cahvopu,admin,09/04/2059
a9112aad-d645-51e7-8f28-56a68b4d4f7b,pUajX,N,ramyT,Park,voj@faig.tk,Antonio Lamb,10/16/1958,(912) 460-2995,Hidomrok,admin,01/01/2046
f9d27224-a60b-500a-b44a-bb707d0577e5,tujml,Y,fvARt,Powers,fugje@wihhelvon.al,Cynthia Davis,11/2/1999,(313) 398-1411,Povofku,admin,07/08/1955
528a3ffb-8f3f-5109-b431-0825f89a7021,IYSvC,Y,dpznr,Reid,zefeh@tupitwoj.ph,Francis Cox,8/8/1993,(373) 854-6307,Tipbirza,guide,08/01/1944
5e2c6182-ba97-5079-b4bb-f8aabb52666b,Arogh,Y,WYsLk,Owens,bapufvo@ra.eg,Carolyn Walsh,10/20/1972,(983) 742-9830,Cubnobdi,contributor,04/11/2009
33580869-d809-5f4b-a2fe-842a49016040,VPZzZ,N,UxBuI,Watkins,ecjo@nin.ps,Louis Herrera,5/22/1967,(432) 919-8198,Petlabo,anonym,23/03/2020
8be7a005-d048-51fc-82f9-ac55eeb86865,nBFjJ,Y,uRchw,Bennett,wabetci@foda.mr,Douglas Maldonado,9/2/1957,(639) 528-3962,Maguzbu,admin,12/10/2067
9e90d992-d9b9-52b5-b699-db62b6a22c57,JVlMz,N,BjAOz,Stephens,pe@hav.com,Steven Brady,3/13/1998,(760) 675-3250,Ubosasvi,contributor,06/12/2067
23ddce6f-7782-5670-8592-3024ffa02e4c,Ojebw,Y,xrlli,Perez,leivwum@ozdek.ws,Christina Carter,7/17/1982,(943) 742-3902,Rukabwer,guide,15/02/1945
5782bc7f-7d3f-5ab0-810f-afaa14705688,HIBar,N,fBZYB,Sanchez,tu@awna.lk,Brian Lyons,8/11/1984,(675) 962-1680,Geejotu,guide,25/10/1933
b5270409-32ee-5ace-a692-c5261d10f524,DrJFK,Y,vprPK,McKenzie,ahkuf@gaj.gi,Olive Stevens,9/24/1955,(979) 748-5289,Sacgapuh,guide,07/02/1967
a1c5bb32-d5db-59bb-9f0c-7ae52f0568eb,FTNVp,Y,Kgewz,Poole,heboble@sifahdi.ma,Roger Houston,12/1/1959,(421) 701-9911,Wivarmac,anonym,05/06/2047
9026ee1d-2b37-59ff-883d-ab3093c5152a,KtaBW,Y,jWksa,May,zos@teteheh.mw,Joel Santos,9/20/1975,(373) 579-1754,Kegsivup,editor,10/04/2036
13a4f6ac-c66f-5285-833a-e17cb244e7a7,ouBvM,N,aikdk,Baldwin,weiscom@mo.bg,Mae Hawkins,11/23/1962,(389) 896-3856,Nocadanu,admin,09/09/1916
8f68a6c7-c6fc-591d-8681-b5e8175d4a86,ShrYN,Y,Jkipg,Peters,na@menvud.kp,Wesley Taylor,3/27/2001,(419) 215-1181,Ejohiro,guide,19/01/2055
86956f9d-590f-5000-946f-653bca0f91ac,MVJsO,N,zzFmK,Dennis,duag@po.net,Edwin Barrett,6/5/1991,(946) 414-6859,Hoconbis,admin,09/06/2005
9b1ebf3c-b055-5b0d-a310-afcfa546b877,EfqEk,Y,HxkXr,Perry,kevaspe@liv.fi,Callie Hodges,5/23/1974,(768) 463-3310,Ejoduwoh,anonym,13/12/2039
94cc28fc-3ff3-5c02-837e-85f58cb90937,WUNaK,N,PlXSw,Perez,jeiv@gu.mz,Jack Benson,4/11/1999,(539) 711-1981,Hesepu,admin,25/08/1925
c2dd14d9-4f0d-578b-bf4e-1d2131f6b76b,dwXlE,N,htnLt,Blair,rekezelin@ej.bv,Jeanette Roberts,1/6/1995,(920) 739-2905,Inamgek,contributor,05/06/2035
9a3a0835-e85a-541a-89bd-d6e84b347639,XbuIe,N,xkuwd,Gomez,arkih@oma.tp,Theodore Kennedy,4/5/1987,(619) 959-9462,Ekkiodi,editor,05/05/2018
b1428ade-8252-5809-a380-086c2c69d2ed,TQvtb,Y,OwsPD,Garrett,oviucitip@tiuso.dk,Chester Evans,12/23/1963,(912) 846-3177,Isejoziw,guide,25/05/2054
9190fdc4-6766-5467-85a3-22e1e8aa4cc7,UHXEN,Y,FFGgQ,Russell,igu@bijwod.pk,Patrick Moss,7/6/1957,(857) 571-7317,Mulkarul,editor,20/03/2036
fc941685-29c8-52d8-be1d-9880073f3ecc,yFSaV,N,nNCyS,Steele,magcunfah@nehoggif.pk,Nina Keller,8/29/1982,(205) 571-4138,Joighez,editor,03/02/2049
3629226e-959c-5832-ab39-19192a150d17,iRsgI,Y,mQkaW,Carr,cob@mutoz.si,Mamie Becker,9/10/1971,(984) 492-1013,Amtejhas,contributor,19/11/2070
6bb877ef-663e-57a6-b56e-4d936b1f0d3c,ZBInz,N,dVonI,Phelps,dig@iw.as,Charles Cain,9/24/1967,(331) 257-6245,Edpute,editor,27/04/1930
af2d6ae7-ed3a-5bee-964c-407ac46d5506,HzVVz,N,NgQsX,Brock,pacuw@cegu.sk,Earl Freeman,6/2/1992,(489) 750-9780,Sozsageg,guide,24/07/1911
1943682d-814b-5a5c-bc8b-5405f56cfb09,EFqFs,N,QgNmx,Townsend,hapjipti@vuceere.nf,Floyd Becker,9/6/1981,(821) 974-2300,Feepiad,admin,26/08/1951
b2f5ffc8-e29f-5f97-8439-308643d4f9cd,sKyrC,Y,KsTQD,Williams,isot@wi.uy,Nelle Carter,7/5/2000,(781) 301-8831,Ehsuer,admin,08/12/1989
e13ef6bc-d59f-5989-ae02-fb5a73ba56b8,zLCJO,N,OgaOg,Hamilton,uju@budcovkil.cd,Lillian Tran,8/29/1979,(773) 706-1111,Mecjicav,anonym,04/03/2045
c61afbf1-e52e-5e9f-86ff-a8928777a84d,zBLgx,N,wOcSK,Harvey,azcocav@vembuw.co.uk,William Ball,1/31/1973,(719) 282-7605,Habemuno,anonym,06/04/2061
a84f1d7b-964c-59cf-bb4a-78706dc2cd0a,dgTbY,N,WmSza,Cole,co@zu.ec,Hester Rice,1/27/1996,(445) 866-7923,Pivijof,editor,27/08/1993
b421ce18-19e8-55f9-8c1e-dc7fb1efb8c6,twYqP,Y,BmHwb,Jimenez,onvub@solseg.ck,Daisy Cummings,7/21/1960,(358) 452-7825,Pupulduk,editor,14/10/2065
e30c0d47-5f5f-5094-b7b9-c6c24ffaefc1,eiZsa,Y,BZXjW,Cunningham,gekuge@nes.mu,Edwin Riley,12/30/1976,(918) 311-1864,Cowiktod,admin,18/09/1969
e63eaa42-497c-5895-838f-010bbe6a9b9f,BaJIx,Y,ZpEmR,Richards,daaj@ilpas.to,Donald Ford,9/9/1979,(230) 762-4715,Akhior,editor,22/09/1932
3db3fb9f-7552-5627-843c-3876412f21fb,BnlZY,Y,TbOuc,Johnson,deweki@diak.mh,Lela Roberts,3/12/1966,(684) 879-8811,Felnajeh,anonym,09/11/1903
d89aa845-8ce8-5a2c-b55f-57d7871c64e6,OPPFw,N,XLpPl,Ramirez,isemahban@oki.pl,Mollie Bailey,5/23/1959,(542) 956-9583,Vuftaci,guide,16/09/2010
002f2863-7a75-5c2a-8618-68810f1114e6,Qjmzi,N,YRaUO,Hart,woratuc@leapfoj.lt,Maggie Washington,4/2/1979,(317) 841-1874,Negursaj,editor,15/12/2050
04c83c5e-8d00-5925-ac66-4fa511a99a92,CiedO,Y,GMhet,Rios,gito@esji.nz,Dorothy Newton,3/31/1960,(623) 698-2792,Cukeeg,editor,10/11/1946
5ff4b9f5-939d-5f17-9d61-208da297244a,DgMtV,N,dxlKS,Lynch,vutlu@rihjublo.sd,Herman Harrington,1/22/1982,(233) 541-1994,Rimezmi,editor,03/10/1994
e60a4789-3881-5cc3-b735-46c19811c692,vpVbx,Y,ENnDs,Foster,filgili@bibge.ls,William Meyer,10/23/1955,(650) 791-4341,Wigivan,contributor,16/10/1975
d2ca6f1e-cb1c-51b6-bf39-1e950c450993,pJXCJ,Y,oOmGH,Banks,vuez@figzumgu.si,Michael Flowers,9/24/1965,(920) 587-6604,Funracwak,admin,19/12/2025
a0148f40-e122-58fd-93b5-01d80b60ffea,bShLA,N,THYDS,Osborne,hik@zousiho.ac,Raymond Simpson,3/16/1969,(467) 515-6075,Botmejer,guide,02/05/2014
620540bd-e366-57fe-92f9-8be0b3538983,OjifB,N,npbCs,Day,mazobe@ugubuf.py,Eva Ballard,3/24/1983,(444) 469-3503,Nerisik,contributor,11/02/2008
b808b334-96d7-5dd3-9f8b-16a2388b0a3a,EoJLH,Y,lDTOC,Perkins,mawah@tufmibo.bb,Stephen French,12/9/1998,(609) 556-4227,Uzzomo,admin,18/03/1961
c31ad8b9-c92f-5e02-9f6f-2cea1f67276b,QHcAx,Y,nSloy,Wilkerson,fo@asaetu.bg,Marvin Wheeler,8/8/1981,(426) 259-8747,Kojdetap,admin,16/06/1938
1e9678c0-e00e-5a42-98a3-9944447c3537,pBXgY,N,pzhpD,Guzman,wimcut@puvokjur.ua,Mae Collier,2/12/1978,(628) 406-5647,Nudutde,anonym,06/07/1921
0bda4b30-c62a-527d-85f4-eb9aa3f275a0,sdmtc,N,VUpIy,Armstrong,ruzizigo@coat.kw,Bernice Blake,8/17/2001,(431) 933-7824,Mizdole,editor,04/07/1997
1c56309d-3934-5b33-b24d-793d77fb825e,nWCKu,Y,gGIBz,Schneider,necu@miuwmof.mz,Wesley McDonald,7/12/1962,(282) 867-6635,Hizgovo,guide,08/03/1945
5630b72b-dbd9-5d5d-af49-0b5bf4f7007d,sVQYi,N,DciJs,Sanchez,gok@hoj.me,Minerva Hayes,5/5/1988,(734) 576-9544,Hurompo,editor,22/07/2009
c656d444-4a71-5c15-a18d-337157236ff2,ULyUe,N,pvlbF,Abbott,savotku@cesim.as,Ola Miles,5/26/1989,(456) 636-4139,Ezkogi,editor,27/05/2066
58518bab-a2dc-5158-a0ac-d524be33cf54,DNXyD,Y,ppTeb,Owens,zekan@mireduk.tc,Lucas Little,5/7/1972,(759) 242-1298,Rufdeas,editor,03/07/2022
27f70589-7099-5218-a9d7-509e8d46f359,kyWQA,Y,pkzvf,Lambert,giviuno@zuwepotoz.wf,Olga Kelly,5/23/1961,(968) 515-2744,Ujonco,contributor,17/10/1961
96a02312-270d-563b-95bf-15ad32055357,EKVmP,Y,YMQKA,Maldonado,horovkon@ticicuc.mx,Ronald Perry,4/16/1990,(503) 989-5737,Movpimup,contributor,26/12/1979
59e012fc-e5f0-5bad-8c8b-11ca8fde9880,amplT,Y,eZYro,Figueroa,ib@tet.ax,Samuel Hogan,9/25/1985,(419) 628-7890,Dimoiwa,admin,12/12/2004
24ecb0f9-c7af-5e43-8857-055a6747b0c4,mCByC,Y,PMKmQ,Pena,evo@uhsal.tg,Bernice Rodriquez,4/5/1987,(953) 601-3456,Zowkodo,admin,25/02/2030
22f1d5e8-663d-5752-a944-6c86a131216a,HmxVK,Y,iEzrp,Crawford,me@gufeza.lu,Katherine Brewer,10/27/1991,(805) 908-1960,Gebcelif,contributor,13/08/2007
4d61625a-fa21-50a6-b1b5-a43e50fc3f97,olrcf,N,hrmwY,Henderson,lac@rokipawo.gf,Blake Soto,7/11/1969,(215) 813-8475,Giwise,guide,15/09/1938
63a27ad3-8af7-5641-a27b-3e795cb5e717,eAFgB,N,ppBrn,Jones,wefodad@tiebeme.mq,Matthew Clayton,12/18/1957,(271) 379-4084,Limrouze,anonym,06/04/1936
a3349ce4-7131-58ce-80e3-25816ee12c89,qlXZP,N,dwQCh,Vasquez,mip@vumib.ie,Chris Quinn,9/8/1981,(752) 309-5938,Soudofo,contributor,09/11/1925
2535a471-e8e6-51fb-b9cc-28bd651f3cfe,BohCk,N,SaCdN,Carr,semi@lu.tj,Joseph Hale,6/26/1979,(538) 799-5671,Itucozhah,anonym,26/06/1971
37f92504-9a41-5955-9167-9087d9492dd6,wSVhR,N,PtloB,Kelly,gaj@hucigpa.nl,Ian May,8/15/1995,(713) 736-2829,Wujufdu,anonym,28/05/1977
3b93edde-220e-57f3-9b84-2b226df425c0,oRCoo,Y,oivvB,Craig,aworali@rimrecva.mv,Tom Stephens,10/26/1978,(771) 455-9991,Fehawden,guide,01/02/2065
68a57a31-cea9-5ac5-81da-d4a8af49aa42,PUhog,N,utaEu,Turner,okabef@mabu.sx,Isabella Pratt,6/3/1982,(838) 850-9468,Avoutucir,admin,24/11/2023
c398c6ef-052b-5ebc-b796-f948b386d1cf,LHjpl,Y,MMymr,Garrett,fufijajo@mu.si,Clarence Hunt,12/14/1987,(260) 203-9591,Ovaitubi,guide,01/03/2034
e07eb926-608f-55ae-8640-efa0fcc6556a,LvvIK,N,qvIDF,McCoy,omhucaz@tijca.lt,Nina Boyd,7/10/1991,(667) 332-2100,Bazulita,admin,12/06/1916
f397f720-8cd1-56e2-9bec-20e4c8a88326,GpcOo,N,fRIjh,Jordan,la@ar.fo,Vincent Mullins,2/28/1983,(631) 799-2121,Ocdilpo,contributor,22/07/1971
04219170-29e4-5612-9101-2ef9877a0157,QyDtM,Y,fZXbQ,Graham,icituwsu@cuwjec.mo,Richard Graves,2/10/1996,(611) 217-1720,Ovadiju,editor,16/12/1950
d070626f-1da5-5c6d-ba59-142fecc7a7fe,VlSkz,N,lzGaW,Gibson,pur@onwipob.jp,Lela Dean,4/28/1983,(382) 284-6251,Rekuov,admin,14/09/1948
6cd5f6c8-f622-55fc-8c99-682aa2e604ce,UkscX,N,ptMht,French,suifbe@isu.tz,Henrietta Steele,2/17/2001,(866) 864-9851,Pepcowaj,guide,09/04/2015
d2d4231e-8dbc-5f05-9176-1431f5231a3e,afsDo,N,wixna,Carlson,anonu@safeg.gg,Celia Logan,10/6/1963,(850) 229-1824,Pejervu,contributor,15/06/1958
90af1367-f341-553f-bcd5-3173a2515811,LCZYG,Y,Gtwks,Collier,wo@ve.sb,Jimmy Hicks,9/30/1979,(239) 390-2634,Viehoke,anonym,26/03/2037
